?cls	?def	?xrefs
<http://dbpedia.org/resource/Pitcairn_Islands>		"GAZ:00005867"
<http://purl.obolibrary.org/obo/HANCESTRO_0482>		
<http://purl.obolibrary.org/obo/AfPO_0000379>	"A Luo population with a population size of 1.5 million"	
<http://purl.obolibrary.org/obo/AfPO_0000420>	"A Western African population with a population size of 1.5 millions"	
<http://purl.obolibrary.org/obo/AfPO_0000361>		
<http://dbpedia.org/resource/Fiji>		"GAZ:00006891"
<http://purl.obolibrary.org/obo/HANCESTRO_0288>		
<http://dbpedia.org/resource/Russia>		"GAZ:00002721"
<http://purl.obolibrary.org/obo/HANCESTRO_0397>		
<http://dbpedia.org/resource/Marshall_Islands>		"GAZ:00007161"
<http://purl.obolibrary.org/obo/HANCESTRO_0373>		
<http://purl.obolibrary.org/obo/HANCESTRO_0022>		
<http://purl.obolibrary.org/obo/AfPO_0000127>	"A Bantu Eastern population with a population size of 2.488 Millions"	
<http://purl.obolibrary.org/obo/HANCESTRO_0046>		
<http://purl.obolibrary.org/obo/HANCESTRO_0003>	"A collective generic term that refers here to a wide variety of dependencies, areas of special sovereignty, uninhabited islands, and other entities in addition to the traditional countries or independent states."	
<http://purl.obolibrary.org/obo/AfPO_0000254>	"A Malagasy population with a population size of 0.52 million"	
<http://dbpedia.org/resource/Melanesia>		"GAZ:00005860"
<http://purl.obolibrary.org/obo/HANCESTRO_0596>	"Includes individuals with ethnic origins in the Semitic people populating the Arabian Peninsula and other countries in the Middle East and Northern Africa"	
<http://purl.obolibrary.org/obo/AfPO_0000346>	"A Bantu Southern population with a population size of 0.3 million"	
<http://purl.obolibrary.org/obo/AfPO_0000345>	"A Bantu Southern population with a population size of 1 million"	
<http://dbpedia.org/resource/Italy>		"GAZ:00002650"
<http://purl.obolibrary.org/obo/HANCESTRO_0350>		
<http://purl.obolibrary.org/obo/AfPO_0000295>	"A Bantu Central population with a population size of 0.018 million"	
<http://purl.obolibrary.org/obo/AfPO_0000360>		
<http://purl.obolibrary.org/obo/AfPO_0000510>	"A Kalenjin population with a population size of 969000"	
<http://purl.obolibrary.org/obo/HANCESTRO_0289>		
<http://purl.obolibrary.org/obo/HANCESTRO_0398>		
<http://purl.obolibrary.org/obo/HANCESTRO_0483>		
<http://purl.obolibrary.org/obo/HANCESTRO_0374>		
<http://dbpedia.org/resource/Grenada>		"GAZ:02000573"
<http://purl.obolibrary.org/obo/HANCESTRO_0023>		
<http://purl.obolibrary.org/obo/HANCESTRO_0047>		
<http://purl.obolibrary.org/obo/AfPO_0000261>	"French people who were born in Metropolitan France."	
<http://dbpedia.org/resource/Nigeria>		"GAZ:00000912"
<http://purl.obolibrary.org/obo/AfPO_0000506>	"A Malagasy population with a population size of 1500"	
<http://purl.obolibrary.org/obo/AfPO_0000556>	"A Mande Western population with a population size of 240000"	
<http://dbpedia.org/resource/South_Sudan>		"GAZ:00233439"
<http://purl.obolibrary.org/obo/HANCESTRO_0460>		
<http://purl.obolibrary.org/obo/AfPO_0000284>	"A Pygmy Central population with a population size of 0.01 milion"	
<http://dbpedia.org/resource/Venezuela>		"GAZ:00002931"
<http://purl.obolibrary.org/obo/AfPO_0000305>	"A Semite Central, Semitic Eastern population with a population size of 6 million"	
<http://dbpedia.org/resource/Brunei>		"GAZ:00003901"
<http://purl.obolibrary.org/obo/AfPO_0000303>	"A Ubangi Central population with a population size of 0.122 million"	
<http://purl.obolibrary.org/obo/AfPO_0000297>	"A Bantu Central population with a population size of 25 millions"	
<http://purl.obolibrary.org/obo/AfPO_0000574>	"A Western African population with a population size of 1,224,545"	
<http://purl.obolibrary.org/obo/AfPO_0000161>	"A Mande Western population with a population size of 6.8 millions"	
<http://purl.obolibrary.org/obo/HANCESTRO_0399>		
<http://purl.obolibrary.org/obo/HANCESTRO_0375>		
<http://dbpedia.org/resource/Federated_States_of_Micronesia>		"GAZ:00006897"
<http://purl.obolibrary.org/obo/HANCESTRO_0484>		
<http://purl.obolibrary.org/obo/HANCESTRO_0351>		
<http://purl.obolibrary.org/obo/AfPO_0000189>		
<http://dbpedia.org/resource/Eswatini>		"GAZ:00001099"
<http://purl.obolibrary.org/obo/HANCESTRO_0024>		
<http://dbpedia.org/resource/Japan>		"GAZ:00002747"
<http://purl.obolibrary.org/obo/HANCESTRO_0048>		
<http://purl.obolibrary.org/obo/AfPO_0000380>	"'The Birked live north and east of Dago and Bayko, between Gebel Harayz and Rizaykat and are much larger tribe then either.' from a: A History of the Arabs in the Sudan. Written by De H. A. MacMichael."	
<http://purl.obolibrary.org/obo/AfPO_0000499>	"A Cushitic Eastern population with a population size of 1104"	
<http://purl.obolibrary.org/obo/HANCESTRO_0557>	"Individuals who have at least six great-grandparents born in the Central Valley of Costa Rica, to ensure descent from the founder population, composed primarily of Europeans and Native Americans"	
<http://purl.obolibrary.org/obo/AfPO_0000273>		
<http://dbpedia.org/resource/South_Asia>		"GAZ:00002472"
<http://purl.obolibrary.org/obo/HANCESTRO_0376>		
<http://purl.obolibrary.org/obo/HANCESTRO_0485>		
<http://purl.obolibrary.org/obo/BFO_0000019>		
<http://purl.obolibrary.org/obo/HANCESTRO_0352>		
<http://purl.obolibrary.org/obo/HANCESTRO_0461>		
<http://dbpedia.org/resource/Cayman_Islands>		"GAZ:00003986"
<http://purl.obolibrary.org/obo/HANCESTRO_0025>		
<http://purl.obolibrary.org/obo/HANCESTRO_0049>		
<http://purl.obolibrary.org/obo/AfPO_0000403>	"A Bantu Eastern population with a population size of 6.7 millions"	
<http://purl.obolibrary.org/obo/AfPO_0000140>	"A Bantu Eastern population with a population size of 9 millions"	
<http://purl.obolibrary.org/obo/AfPO_0000560>	"A Western African population with a population size of 140000"	
<http://purl.obolibrary.org/obo/HANCESTRO_0622>	"Individuals who self-identify or are reported by authors as belonging to a group of indigenous people native to the Nariño region of southern Colombia and neighbouring Equador"	
<http://dbpedia.org/resource/Mali>		"GAZ:00000584"
<http://purl.obolibrary.org/obo/HANCESTRO_0626>	"Individuals who self-identify or are reported by authors as belonging to a group of indigenous people of present-day south-central Chile and southwestern Argentina, including parts of present-day Patagonia"	
<http://purl.obolibrary.org/obo/AfPO_0000248>	"The Sakalava are a Malagasy population with a population size of 1.2 million."	
<http://purl.obolibrary.org/obo/AfPO_0000381>		
<http://dbpedia.org/resource/East_Timor>		"GAZ:00006913"
<http://purl.obolibrary.org/obo/HANCESTRO_0377>		
<http://purl.obolibrary.org/obo/HANCESTRO_0486>		
<http://purl.obolibrary.org/obo/HANCESTRO_0353>		
<http://purl.obolibrary.org/obo/AfPO_0000187>		
<http://purl.obolibrary.org/obo/HANCESTRO_0462>		
<http://dbpedia.org/resource/Jamaica>		"GAZ:00003781"
<http://purl.obolibrary.org/obo/HANCESTRO_0026>		
<http://purl.obolibrary.org/obo/AfPO_0000388>	"A Cushitic Eastern population with a population size of >3 millions"	
<http://www.w3.org/2002/07/owl#Thing>		
<http://purl.obolibrary.org/obo/AfPO_0000563>	"A Wolof population with a population size of 210000"	
<http://dbpedia.org/resource/Honduras>		"GAZ:00002894"
<http://dbpedia.org/resource/Peru>		"GAZ:00002932"
<http://purl.obolibrary.org/obo/AfPO_0000271>		
<http://purl.obolibrary.org/obo/HANCESTRO_0487>		
<http://purl.obolibrary.org/obo/HANCESTRO_0378>		
<http://purl.obolibrary.org/obo/AfPO_0000186>		
<http://purl.obolibrary.org/obo/HANCESTRO_0587>	"Includes individuals who either self-report or have been described by authors as Aboriginal Australian of Martu ancestry. The Martu Australian Aboriginal people are from the Western Desert region located across the Pilbara in Western Australia"	
<http://dbpedia.org/resource/Dominican_Republic>		"GAZ:00003952"
<http://purl.obolibrary.org/obo/HANCESTRO_0354>		
<http://purl.obolibrary.org/obo/HANCESTRO_0463>		
<http://dbpedia.org/resource/French_Guiana>		"GAZ:00002516"
<http://purl.obolibrary.org/obo/AfPO_0000329>	"A Southern African population with a population size of 0.03 millions. People of mixed race claiming both European and African descent."	
<http://purl.obolibrary.org/obo/HANCESTRO_0572>		
<http://purl.obolibrary.org/obo/AfPO_0000243>	"A Bantu Eastern population with a population size of 1.050 millions"	
<http://purl.obolibrary.org/obo/AfPO_0000183>	"A Eastern African population with a population size of 0.4 million"	
<http://purl.obolibrary.org/obo/AfPO_0000128>	"A Bantu Central population with a population size of 1 million"	
<http://purl.obolibrary.org/obo/HANCESTRO_0027>		
<http://purl.obolibrary.org/obo/AfPO_0000270>		
<http://dbpedia.org/resource/Malawi>		"GAZ:00001105"
<http://purl.obolibrary.org/obo/AfPO_0000238>	"A Bantu Eastern population with a population size of > 2 millions"	
<http://purl.obolibrary.org/obo/AfPO_0000534>	"The Guan are a Western African population with a population size of 1 million."	
<http://purl.obolibrary.org/obo/HANCESTRO_0029>		
<http://purl.obolibrary.org/obo/HANCESTRO_0379>		
<http://dbpedia.org/resource/Niger>		"GAZ:00000585"
<http://purl.obolibrary.org/obo/HANCESTRO_0488>		
<http://purl.obolibrary.org/obo/HANCESTRO_0355>		
<http://purl.obolibrary.org/obo/AfPO_0000185>		
<http://purl.obolibrary.org/obo/HANCESTRO_0573>		
<http://purl.obolibrary.org/obo/HANCESTRO_0464>		
<http://purl.obolibrary.org/obo/HANCESTRO_0331>		
<http://purl.obolibrary.org/obo/HANCESTRO_0440>		
<http://purl.obolibrary.org/obo/HANCESTRO_0015>	"Includes individuals who self-report or were described by authors as Middle Eastern, North African, Persian or one of the subpopulations from this region (e.g. Saudi Arabian). We note there is heterogeneity in this category with different degrees of admixture as well as levels of genetic isolation. We note that there does not appear to be a suitable reference population for this category and efforts are required to fill this gap."@en	
<http://dbpedia.org/resource/Luxembourg>		"GAZ:00002947"
<http://purl.obolibrary.org/obo/AfPO_0000550>	"A Mande Western population with a population size of 115200"	
<http://dbpedia.org/resource/Western_Europe>		
<http://purl.obolibrary.org/obo/AfPO_0000205>	"A Western African population with a population size of 0.5 millions"	
<http://purl.obolibrary.org/obo/HANCESTRO_0628>	"Individuals who self-identify or are reported by authors as belonging to an indigenous people of Brazil, who now live in three indigenous territories (Terras Indígenas in Portuguese), Caieiras Velhas, Pau-Brasil and Comboiosare, located near the cities of Santa Cruz and Vila do Riacho in the municipality of Aracruz in northern Espírito Santo state, southeastern Brazil."	
<http://dbpedia.org/resource/Tanzania>		"GAZ:00001103"
<http://purl.obolibrary.org/obo/HANCESTRO_0599>	"An ethnicity descriptor is descriptor that qualifies a population term as relating to a social, cultural, reglious or tribal group"	
<http://purl.obolibrary.org/obo/HANCESTRO_0489>		
<http://purl.obolibrary.org/obo/AfPO_0000184>		
<http://purl.obolibrary.org/obo/HANCESTRO_0356>		
<http://purl.obolibrary.org/obo/HANCESTRO_0465>		
<http://dbpedia.org/resource/Cyprus>		"GAZ:00453362"
<http://purl.obolibrary.org/obo/HANCESTRO_0441>		
<http://purl.obolibrary.org/obo/HANCESTRO_0332>		
<http://purl.obolibrary.org/obo/HANCESTRO_0574>		
<http://dbpedia.org/resource/Central_Africa>		"GAZ:00000588"
<http://purl.obolibrary.org/obo/HANCESTRO_0304>	"General characterisation of the ancestry of a population or individual"	
<http://dbpedia.org/resource/Yemen>		"GAZ:00005284"
<http://purl.obolibrary.org/obo/AfPO_0000253>	"A Malagasy population with a population size of > 5 millions"	
<http://purl.obolibrary.org/obo/HANCESTRO_0550>		
<http://purl.obolibrary.org/obo/HANCESTRO_0594>	"The Mende people are one of the largest ethnic groups in Sierra Leone who speak a language of the Mande branch of the Niger-Congo family. (PMID:15761855)  Samples from this population were studied as part of the full 1000 Genomes project (https://www.coriell.org/1/NHGRI/Collections/1000-Genomes-Collections/Mende-in-Sierra-Leone-MSL)"	
<http://purl.obolibrary.org/obo/HANCESTRO_0627>	"Individuals who self-identify or are reported by authors as belonging to a group of culturally-related indigenous peoples of South America, living primarily in present-day Paraguay between the Paraná River and lower Paraguay River, the Misiones Province of Argentina, southern Brazil as far east as Rio de Janeiro, and parts of Uruguay and Bolivia."	
<http://purl.obolibrary.org/obo/AfPO_0000549>	"A Western African population with a population size of 792190"	
<http://dbpedia.org/resource/Netherlands_Antilles>		"GAZ:00004019"
<http://purl.obolibrary.org/obo/HANCESTRO_0623>	"Individuals who self-identify or are reported by authors as belonging to a group of indigenous people of South America who speak the Quechua languages. Although most Quechua speakers are native to Peru, there are some significant populations in Ecuador, Bolivia, Chile, Colombia, and Argentina"	
<http://dbpedia.org/resource/Isle_of_Man>		"GAZ:00052477"
<http://purl.obolibrary.org/obo/AfPO_0000523>	"A Western African population with a population size of 2.6 million"	
<http://purl.obolibrary.org/obo/AfPO_0000430>	"A Mande Western population with a population size of 13 millions"	
<http://purl.obolibrary.org/obo/HANCESTRO_0508>		
<http://purl.obolibrary.org/obo/AfPO_0000481>	"A Pygmy Central population with a population size of 5500"	
<http://purl.obolibrary.org/obo/AfPO_0000340>	"A Bantu Southern population with a population size of > 28 millions"	
<http://dbpedia.org/resource/Middle_Africa>		
<http://purl.obolibrary.org/obo/AfPO_0000299>	"A Bantu Central population with a population size of 0.025 million"	
<http://dbpedia.org/resource/Estonia>		"GAZ:00002959"
<http://dbpedia.org/resource/Zambia>		"GAZ:00001107"
<http://purl.obolibrary.org/obo/AfPO_0000437>	"A Banyarwanda population with a population size of 16 millions"	
<http://dbpedia.org/resource/Maldives>		"GAZ:00006896"
<http://purl.obolibrary.org/obo/AfPO_0000201>	"The Senufo are a Western African population with a population size of 2 million."	
<http://purl.obolibrary.org/obo/HANCESTRO_0390>		
<http://purl.obolibrary.org/obo/AfPO_0000529>	"A Western African population with a population size of 40800"	
<http://purl.obolibrary.org/obo/AfPO_0000398>	"A Pygmy Eastern population with a population size of 0.25 million"	
<http://purl.obolibrary.org/obo/AfPO_0000368>	"A Semite Northern, Semitic Eastern population with a population size of 2 millions"	
<http://purl.obolibrary.org/obo/AfPO_0000291>	"A Bantu Central population with a population size of 1.1 million"	
<http://dbpedia.org/resource/Botswana>		"GAZ:00001097"
<http://purl.obolibrary.org/obo/AfPO_0000431>	"A Mande Western population with a population size of 0.4 millions"	
<http://dbpedia.org/resource/Cuba>		"GAZ:00003762"
<http://dbpedia.org/resource/Hungary>		"GAZ:00002952"
<http://purl.obolibrary.org/obo/AfPO_0000416>	"A Western African population with a population size of 1.591 millions"	
<http://purl.obolibrary.org/obo/HANCESTRO_0509>		
<http://purl.obolibrary.org/obo/AfPO_0000278>	"A Nilotic Central, Nilotic Western population with a population size of >10 millions"	
<http://purl.obolibrary.org/obo/AfPO_0000382>	"A Nubian Eastern population with a population size of 0.063 million"	
<http://dbpedia.org/resource/Madagascar>		"GAZ:00001108"
<http://dbpedia.org/resource/Guam>		"GAZ:00006933"
<http://dbpedia.org/resource/Montserrat>		"GAZ:00003988"
<http://purl.obolibrary.org/obo/HANCESTRO_0391>		
<http://dbpedia.org/resource/Palestinian_territories>		"GAZ:00002475"
<http://dbpedia.org/resource/Northern_America>		"GAZ:00000458"
<http://purl.obolibrary.org/obo/HANCESTRO_0615>	"Individuals who self-identify or are reported by authors as belonging to the Zapotec ethnolinguistic group of indigenous people of Mexico. The Zapotec population is concentrated in the southern state of Oaxaca, but Zapotec communities also exist in neighboring states"	
<http://purl.obolibrary.org/obo/NCIT_C25464>	"A collective generic term that refers here to a wide variety of dependencies, areas of special sovereignty, uninhabited islands, and other entities in addition to the traditional countries or independent states."	
<http://purl.obolibrary.org/obo/AfPO_0000422>	"The Fon are a Western African population with a population size of 4 million."	
<http://purl.obolibrary.org/obo/AfPO_0000064>	"A Mande Western population with a population size of 2.2 millions"	
<http://purl.obolibrary.org/obo/HANCESTRO_0018>	"A population for which specific ancestry information is known but that does not fall into any of the defined ancestry categories"	
<http://purl.obolibrary.org/obo/AfPO_0000502>	"A Oromo population with a population size of 700000"	
<http://purl.obolibrary.org/obo/AfPO_0000501>	"A Oromo population with a population size of 1025000"	
<http://purl.obolibrary.org/obo/AfPO_0000180>		
<http://dbpedia.org/resource/Falkland_Islands>		"GAZ:00001412"
<http://purl.obolibrary.org/obo/AfPO_0000514>	"A Nilotic Eastern population with a population size of 2,873 Millions"	
<http://purl.obolibrary.org/obo/AfPO_0000517>		
<http://purl.obolibrary.org/obo/HANCESTRO_0392>		
<http://dbpedia.org/resource/Pakistan>		"GAZ:00005246"
<http://purl.obolibrary.org/obo/AfPO_0000554>	"A Mande Western population with a population size of 165692"	
<http://dbpedia.org/resource/Palau>		"GAZ:00006905"
<http://purl.obolibrary.org/obo/AfPO_0000095>		
<http://purl.obolibrary.org/obo/AfPO_0000561>	"A Western African population with a population size of 134606"	
<http://purl.obolibrary.org/obo/AfPO_0000367>	"A Semite Northern population with a population size of >72 millions"	
<http://dbpedia.org/resource/Curacao>		"GAZ:00012582"
<http://dbpedia.org/resource/Belarus>		"GAZ:00006886"
<http://dbpedia.org/resource/Germany>		"GAZ:00002646"
<http://purl.obolibrary.org/obo/AfPO_0000406>	"A Bantu Eastern population with a population size of 1.3 millions"	
<http://purl.obolibrary.org/obo/HANCESTRO_0041>		
<http://dbpedia.org/resource/Sint_Maarten>		"GAZ:00012579"
<http://purl.obolibrary.org/obo/HANCESTRO_0393>		
<http://purl.obolibrary.org/obo/AfPO_0000373>	"A Nilotic Eastern population with a population size of 0.475 millon"	
<http://purl.obolibrary.org/obo/AfPO_0000435>	"A Songhai population with a population size of 0.2 million"	
<http://purl.obolibrary.org/obo/HANCESTRO_0290>	"A population with increased genetic homogeneity and reduced genetic variation due to cultural or geographic isolation"	
<http://purl.obolibrary.org/obo/AfPO_0000275>	"People living in: Algeria OR Egypt OR Libya OR Mauritania OR Morocco OR Tunisia OR Western Sahara"	
<http://purl.obolibrary.org/obo/AfPO_0000376>	"A Nilotic Eastern population with a population size of 1,016 millions"	
<http://purl.obolibrary.org/obo/AfPO_0000341>	"A Bantu Southern population with a population size of 1.6 million"	
<http://purl.obolibrary.org/obo/HANCESTRO_0625>	"Individuals who self-identify or are reported by authors as belonging to a group of South American indigenous people native to the Chilean Norte Chico and the Argentine Northwest."	
<http://purl.obolibrary.org/obo/AfPO_0000307>	"A Nilotic Eastern, Nilotic Western, Northern African, Nilotic Central population with a population size of 2.25 millions"	
<http://purl.obolibrary.org/obo/HANCESTRO_0306>	"Ancestry which is an admixture of more than one defined ancestral population. The degree and type of admixture may vary within a population and the accuracy of classification requires well-defined reference samples"	
<http://dbpedia.org/resource/South_Korea>		"GAZ:00002802"
<http://purl.obolibrary.org/obo/AfPO_0000515>		
<http://purl.obolibrary.org/obo/HANCESTRO_0631>	"Individuals who self-identify or are reported by authors as belonging to an indigenous people living in the rainforests of Peru and in the State of Acre, Brazil. Their ancestral lands are in the forests of Junín, Pasco, Huánuco and part of Ucayali in Peru."	
<http://purl.obolibrary.org/obo/AfPO_0000126>	"The Nuer are a Nilotic Eastern population with a population size of 3 million."	
<http://dbpedia.org/resource/American_Samoa>		"GAZ:00003957"
<http://dbpedia.org/resource/South-Eastern_Asia>		"GAZ:00000559"
<http://purl.obolibrary.org/obo/HANCESTRO_0042>		
<http://purl.obolibrary.org/obo/HANCESTRO_0394>		
<http://purl.obolibrary.org/obo/HANCESTRO_0370>		
<http://purl.obolibrary.org/obo/AfPO_0000558>	"A Western African population with a population size of 106900"	
<http://purl.obolibrary.org/obo/AfPO_0000107>	"A Nilotic Central, Nilotic Eastern, Northern African population with a population size of 0.4 million"	
<http://purl.obolibrary.org/obo/HANCESTRO_0602>	"Population category defined in relation to a geographic location. Geography-based population descriptors include most nationalities but the classification goes beyond nationalities, since geography-based groups can also include regional groups at sub-national (e.g. Welsh or Scottish) or supra-national level (e.g. Western European)."	
<http://purl.obolibrary.org/obo/AfPO_0000085>	"A Bantu Eastern population with a population size of 0.34 millions"	
<http://dbpedia.org/resource/San_Marino>		"GAZ:00003102"
<http://dbpedia.org/resource/Mauritius>		"GAZ:00003745"
<http://purl.obolibrary.org/obo/HANCESTRO_0043>		
<http://purl.obolibrary.org/obo/HANCESTRO_0007>	"Includes individuals who either self-report or have been described by authors as South East Asian or one of the sub-populations from this region (e.g Vietnamese). This category also includes includes individuals who genetically cluster with reference populations from this region, for example 1000 Genomes KHV population. We note that East Asian and South East Asian populations are often conflated. However, recent studies indicate a unique genetic background for South East Asian populations."@en	
<http://purl.obolibrary.org/obo/AfPO_0000171>	"A Eastern African population with a population size of 0.055 millions"	
<http://purl.obolibrary.org/obo/AfPO_0000145>	"A Berber Northern, Berber Western population with a population size of 2.5 millions"	
<http://purl.obolibrary.org/obo/AfPO_0000356>	"A Northern African population with a population size of 38 millions"	
<http://purl.obolibrary.org/obo/AfPO_0000538>		
<http://dbpedia.org/resource/Moldova>		"GAZ:00003897"
<http://dbpedia.org/resource/Turkmenistan>		"GAZ:00005018"
<http://purl.obolibrary.org/obo/HANCESTRO_0371>		
<http://purl.obolibrary.org/obo/HANCESTRO_0480>		
<http://purl.obolibrary.org/obo/AfPO_0000153>	"The Dagaaba are a Western African population with a population size of 1 million."	
<http://dbpedia.org/resource/Greece>		"GAZ:00002945"
<http://dbpedia.org/resource/Thailand>		"GAZ:00003744"
<http://purl.obolibrary.org/obo/HANCESTRO_0395>		
<http://purl.obolibrary.org/obo/AfPO_0000573>	"A Southern African population with a population size of 35500"	
<http://purl.obolibrary.org/obo/HANCESTRO_0044>		
<http://purl.obolibrary.org/obo/AfPO_0000476>	"A Central African population with a population size of 346000"	
<http://dbpedia.org/resource/Vanuatu>		"GAZ:00006918"
<http://purl.obolibrary.org/obo/AfPO_0000091>		
<http://purl.obolibrary.org/obo/OBI_0000181>	"a population is a collection of individuals from the same taxonomic class living, counted or sampled at a particular site or in a particular area"@en	
<http://dbpedia.org/resource/Albania>		"GAZ:00002953"
<http://purl.obolibrary.org/obo/AfPO_0000537>		
<http://purl.obolibrary.org/obo/HANCESTRO_0020>		
<http://purl.obolibrary.org/obo/HANCESTRO_0481>		
<http://purl.obolibrary.org/obo/HANCESTRO_0372>		
<http://purl.obolibrary.org/obo/HANCESTRO_0590>		
<http://dbpedia.org/resource/Mongolia>		"GAZ:00008744"
<http://purl.obolibrary.org/obo/AfPO_0000391>	"A Semitic Eastern population with a population size of 24 millions"	
<http://purl.obolibrary.org/obo/AfPO_0000366>	"A Semite Northern population with a population size of 2 millions"	
<http://purl.obolibrary.org/obo/HANCESTRO_0009>	"Includes individuals who either self-report or have been described by authors as East Asian or one of the sub-populations from this region (e.g Chinese). This category also includes individuals who genetically cluster with reference populations from this region, for example 1000 Genomes and/or HapMap CDX, CHB, CHS and JPT populations."@en	
<http://purl.obolibrary.org/obo/AfPO_0000383>	"A Cushitic Eastern population with a population size of 6.3 million"	
<http://purl.obolibrary.org/obo/HANCESTRO_0396>		
<http://purl.obolibrary.org/obo/AfPO_0000497>	"A Bantu Eastern population with a population size of 175905"	
<http://dbpedia.org/resource/Singapore>		"GAZ:00003923"
<http://purl.obolibrary.org/obo/HANCESTRO_0021>		
<http://purl.obolibrary.org/obo/HANCESTRO_0045>		
<http://dbpedia.org/resource/Liechtenstein>		"GAZ:00003858"
<http://purl.obolibrary.org/obo/AfPO_0000115>	"A Nilotic Eastern population with a population size of 1 million"	
<http://purl.obolibrary.org/obo/AfPO_0000424>	"A Western African population with a population size of >14 millions"	
<http://purl.obolibrary.org/obo/HANCESTRO_0004>	"Population category defined using ancestry informative markers (AIMs) based on genetic/genomic data"	
<http://dbpedia.org/resource/Indonesia>		"GAZ:00003727"
<http://dbpedia.org/resource/Equatorial_Guinea>		"GAZ:00001091"
<http://purl.obolibrary.org/obo/HANCESTRO_0511>		
<http://purl.obolibrary.org/obo/HANCESTRO_0402>		
<http://dbpedia.org/resource/Monaco>		"GAZ:00003857"
<http://purl.obolibrary.org/obo/HANCESTRO_0318>		
<http://purl.obolibrary.org/obo/HANCESTRO_0427>		
<http://purl.obolibrary.org/obo/HANCESTRO_0403>		
<http://dbpedia.org/resource/Croatia>		"GAZ:00002719"
<http://purl.obolibrary.org/obo/HANCESTRO_0536>		
<http://purl.obolibrary.org/obo/HANCESTRO_0597>	"Includes individuals who either self-report or have been described by authors as Singaporean Malay."	
<http://dbpedia.org/resource/Kosovo>		"GAZ:00011337"
<http://dbpedia.org/resource/Burundi>		"GAZ:00001090"
<http://purl.obolibrary.org/obo/AfPO_0000357>	"A Eastern African, Northern African population with a population size of 20 millions"	
<http://dbpedia.org/resource/Armenia>		"GAZ:00004094"
<http://purl.obolibrary.org/obo/HANCESTRO_0013>	"Includes indigenous individuals of North, Central and South America, descended from the original human migration into the Americas from Siberia. We note that there does not appear to be a suitable reference population for this category and efforts are required to fill this gap."@en	
<http://dbpedia.org/resource/Romania>		"GAZ:00002951"
<http://purl.obolibrary.org/obo/HANCESTRO_0611>	"Includes indigenous individuals of Central and South America, descended from the original human migration into the Americas from Siberia."@en	
<http://purl.obolibrary.org/obo/AfPO_0000224>	"A Bantu Western population with a population size of 0.250 million"	
<http://purl.obolibrary.org/obo/AfPO_0000292>	"A Bantu Central population with a population size of 17 millions"	
<http://purl.obolibrary.org/obo/AfPO_0000505>	"A Malagasy population with a population size of 100000"	
<http://dbpedia.org/resource/Christmas_Island>		"GAZ:00005915"
<http://purl.obolibrary.org/obo/AfPO_0000559>	"A Western African population with a population size of 1.407 million"	
<http://purl.obolibrary.org/obo/HANCESTRO_0512>		
<http://purl.obolibrary.org/obo/AfPO_0000390>	"A Sudanic population with a population size of 11 millions"	
<http://purl.obolibrary.org/obo/AfPO_0000280>	"A Central African population with a population size of 0.45 millions"	
<http://dbpedia.org/resource/Canada>		"GAZ:00002560"
<http://purl.obolibrary.org/obo/AfPO_0000478>	"A Central African population with a population size of 165000"	
<http://dbpedia.org/resource/Finland>		"GAZ:00002937"
<http://purl.obolibrary.org/obo/HANCESTRO_0319>		
<http://purl.obolibrary.org/obo/HANCESTRO_0537>		
<http://purl.obolibrary.org/obo/HANCESTRO_0428>		
<http://purl.obolibrary.org/obo/HANCESTRO_0513>		
<http://purl.obolibrary.org/obo/HANCESTRO_0404>		
<http://purl.obolibrary.org/obo/AfPO_0000344>	"A Bantu Southern, Bantu Eastern population with a population size of 2 millions"	
<http://purl.obolibrary.org/obo/AfPO_0000060>	"A Khoisan South population with a population size of 0.13 millions"	
<http://dbpedia.org/resource/Wallis_and_Futuna>		"GAZ:00007191"
<http://purl.obolibrary.org/obo/AfPO_0000239>	"A Chewa population with a population size of 2.486 millions, known as the people of the lake"	
<http://dbpedia.org/resource/British_Virgin_Islands>		"GAZ:00003961"
<http://dbpedia.org/resource/India>		"GAZ:00002839"
<http://purl.obolibrary.org/obo/AfPO_0000507>	"A Malagasy population with a population size of 200000"	
<http://purl.obolibrary.org/obo/AfPO_0000524>	"A Akan population with a population size of 5 millions"	
<http://purl.obolibrary.org/obo/AfPO_0000488>	"A Bantu Eastern population with a population size of 3,420 Millions"	
<http://dbpedia.org/resource/Channel_Islands>		"GAZ:00001539"
<http://purl.obolibrary.org/obo/HANCESTRO_0429>		
<http://purl.obolibrary.org/obo/HANCESTRO_0405>		
<http://purl.obolibrary.org/obo/HANCESTRO_0538>		
<http://purl.obolibrary.org/obo/HANCESTRO_0514>		
<http://purl.obolibrary.org/obo/BFO_0000040>		
<http://purl.obolibrary.org/obo/AfPO_0000562>	"A Western African population with a population size of 2,225 Millions"	
<http://purl.obolibrary.org/obo/IAO_0000225>	"The reason for which a term has been deprecated. The allowed values come from an enumerated list of predefined terms. See the specification of these instances for more detailed definitions of each enumerated value."@en	
<http://dbpedia.org/resource/Guadeloupe>		"GAZ:00067135"
<http://purl.obolibrary.org/obo/AfPO_0000257>	"A Malagasy population with a population size of 0.15 million"	
<http://purl.obolibrary.org/obo/AfPO_0000266>	"A Ubangi Central population with a population size of 0.011 million"	
<http://purl.obolibrary.org/obo/AfPO_0000415>	"A Western African population with a population size of 0.128 millions"	
<http://purl.obolibrary.org/obo/AfPO_0000504>	"A Malagasy population with a population size of 772000"	
<http://dbpedia.org/resource/The_Gambia>		"GAZ:00000907"
<http://dbpedia.org/resource/Mayotte>		"GAZ:00003943"
<http://dbpedia.org/resource/Bosnia_and_Herzegovina>		"GAZ:00006887"
<http://purl.obolibrary.org/obo/AfPO_0000194>	"A Ubangi Central population with a population size of 1.5 millions"	
<http://purl.obolibrary.org/obo/HANCESTRO_0539>		
<http://purl.obolibrary.org/obo/HANCESTRO_0515>		
<http://purl.obolibrary.org/obo/HANCESTRO_0406>		
<http://purl.obolibrary.org/obo/AfPO_0000395>	"A Semitic Eastern population with a population size of 28 millions"	
<http://purl.obolibrary.org/obo/AfPO_0000511>	"A Nilotic Eastern population with a population size of 260000"	
<http://purl.obolibrary.org/obo/AfPO_0000387>	"The Saho are a Cushitic Eastern population with a population size of 0.2 million."	
<http://purl.obolibrary.org/obo/AfPO_0000532>		
<http://purl.obolibrary.org/obo/AfPO_0000337>		
<http://purl.obolibrary.org/obo/AfPO_0000411>	"A Western African population with a population size of 0.01 million"	
<http://purl.obolibrary.org/obo/AfPO_0000531>		
<http://dbpedia.org/resource/Republic_of_Ireland>		"GAZ:00002943"
<http://purl.obolibrary.org/obo/HANCESTRO_0407>		
<http://purl.obolibrary.org/obo/HANCESTRO_0516>		
<http://dbpedia.org/resource/Holy_See>		"GAZ:00003103"
<http://dbpedia.org/resource/Western_Sahara>		"GAZ:00000564"
<http://dbpedia.org/resource/Kazakhstan>		"GAZ:00004999"
<http://purl.obolibrary.org/obo/AfPO_0000404>	"A Bantu Eastern population with a population size of 2.2 millions"	
<http://purl.obolibrary.org/obo/AfPO_0000496>	"A Bantu Eastern population with a population size of 10 Millions"	
<http://purl.obolibrary.org/obo/AfPO_0000066>	"A Bantu Eastern population with a population size of 0.026 millions"	
<http://purl.obolibrary.org/obo/AfPO_0000241>	"A Sudanic population with a population size of Nilo-Saharan|Satellite-Core|Satellites|Central Sudanic|West|Bongo-Bagirmi|Bongo-Baka|Bongo|Kacipo-Balesi|Tennet|Luo|Lango-Acholi"	
<http://dbpedia.org/resource/Africa>		"GAZ:00000457"
<http://purl.obolibrary.org/obo/AfPO_0000469>		
<http://purl.obolibrary.org/obo/AfPO_0000365>	"A Semite Northern population with a population size of 85 millions"	
<http://purl.obolibrary.org/obo/AfPO_0000150>	"A Gurma population with a population size of 0.8 millions"	
<http://purl.obolibrary.org/obo/COB_0000032>		
<http://purl.obolibrary.org/obo/HANCESTRO_0517>		
<http://purl.obolibrary.org/obo/AfPO_0000245>	"A Malagasy population with a population size of 0.05 million"	
<http://purl.obolibrary.org/obo/HANCESTRO_0408>		
<http://dbpedia.org/resource/Mauretania>		"GAZ:00000583"
<http://dbpedia.org/resource/Europe>		"GAZ:00000464"
<http://dbpedia.org/resource/Bangladesh>		"GAZ:00003750"
<http://dbpedia.org/resource/United_States>		"GAZ:00002459"
<http://purl.obolibrary.org/obo/AfPO_0000468>		
<http://purl.obolibrary.org/obo/AfPO_0000359>		
<http://purl.obolibrary.org/obo/HANCESTRO_0409>		
<http://purl.obolibrary.org/obo/HANCESTRO_0518>		
<http://dbpedia.org/resource/Morocco>		"GAZ:00000565"
<http://dbpedia.org/resource/Cambodia>		"GAZ:00006888"
<http://purl.obolibrary.org/obo/AfPO_0000487>	"A Embu population with a population size of 195250"	
<http://dbpedia.org/resource/Chad>		"GAZ:00000586"
<http://purl.obolibrary.org/obo/AfPO_0000334>		
<http://purl.obolibrary.org/obo/BFO_0000004>	"b is an independent continuant = Def. b is a continuant which is such that there is no c and no t such that b s-depends_on c at t. (axiom label in BFO2 Reference: [017-002])"@en	
<http://purl.obolibrary.org/obo/HANCESTRO_0553>	"Includes native populations of Alaska, Siberia, and the Aleutian Archipelago. This\ncategory does not include all native populations within the Arctic circle for example the Finnish Saami who are descended from Europeans and are therefore included within the European ancestry category."	
<http://dbpedia.org/resource/Eastern_Europe>		
<http://purl.obolibrary.org/obo/HANCESTRO_0619>	"Individuals who self-identify or are reported by authors as belonging to indigenous Mesoamerican peoples of Mexico inhabiting the region known as La Mixteca of Oaxaca and Puebla as well as La Montaña Region and Costa Chica Regions of the state of Guerrero"	
<http://purl.obolibrary.org/obo/AfPO_0000251>	"A Malagasy population with a population size of 4.359 millions"	
<http://purl.obolibrary.org/obo/HANCESTRO_0519>		
<http://purl.obolibrary.org/obo/HANCESTRO_0612>	"Individuals who self-identify or are reported by authors as being of of Cuban, Mexican, Puerto Rican, South or Central American, or other Spanish culture or origin. It should be noted that \"Hispanic\" is considered entirely as an ethnicity or cultural descriptor and is not associated with any specific genetic reference population."	
<http://purl.obolibrary.org/obo/HANCESTRO_0005>	"Includes individuals who either self-report or have been described by authors as\nEuropean, Caucasian, White or one of the sub-populations from this region (e.g Dutch). This category also includes individuals who genetically cluster with reference populations from this region, for example 1000 Genomes and/or HapMap CEU, FIN, GBR, IBS and TSI populations."@en	
<http://dbpedia.org/resource/Guyana>		"GAZ:00002522"
<http://dbpedia.org/resource/Chile>		"GAZ:00002825"
<http://dbpedia.org/resource/Montenegro>		"GAZ:00006898"
<http://dbpedia.org/resource/Argentina>		"GAZ:00002928"
<http://purl.obolibrary.org/obo/AfPO_0000139>		
<http://dbpedia.org/resource/Lithuania>		"GAZ:00002960"
<http://dbpedia.org/resource/Serbia>		"GAZ:00002957"
<http://purl.obolibrary.org/obo/HANCESTRO_0357>		
<http://purl.obolibrary.org/obo/HANCESTRO_0575>		
<http://purl.obolibrary.org/obo/HANCESTRO_0333>		
<http://purl.obolibrary.org/obo/HANCESTRO_0466>		
<http://purl.obolibrary.org/obo/HANCESTRO_0551>		
<http://purl.obolibrary.org/obo/HANCESTRO_0442>		
<http://purl.obolibrary.org/obo/AfPO_0000475>	"A Central African population with a population size of 1.8 millions"	
<http://purl.obolibrary.org/obo/AfPO_0000442>		
<http://purl.obolibrary.org/obo/AfPO_0000466>	"A Bantu Central population with a population size of 117030"	
<http://purl.obolibrary.org/obo/AfPO_0000200>		
<http://purl.obolibrary.org/obo/AfPO_0000229>	"A Western African population with a population size of 0.324 million"	
<http://dbpedia.org/resource/Tunisia>		"GAZ:00000562"
<http://dbpedia.org/resource/Switzerland>		"GAZ:00002941"
<http://purl.obolibrary.org/obo/AfPO_0000423>	"A Western African population with a population size of 9.6 millions"	
<http://purl.obolibrary.org/obo/AfPO_0000370>	"A Eastern African population with a population size of 25 millions"	
<http://dbpedia.org/resource/Saint_Lucia>		"GAZ:00006909"
<http://dbpedia.org/resource/Nepal>		"GAZ:00004399"
<http://purl.obolibrary.org/obo/HANCESTRO_0552>	"Includes individuals who either self-report or have been described by authors as Australian Aboriginal. These are expected to be descendents of early human migration into Australia from Eastern Asia and can be distinguished from other Asian populations by mtDNA and Y chromosome variation."	
<http://purl.obolibrary.org/obo/AfPO_0000279>	"A Central African population with a population size of < 1 million"	
<http://purl.obolibrary.org/obo/HANCESTRO_0358>		
<http://purl.obolibrary.org/obo/HANCESTRO_0467>		
<http://purl.obolibrary.org/obo/HANCESTRO_0443>		
<http://purl.obolibrary.org/obo/HANCESTRO_0334>		
<http://dbpedia.org/resource/Greenland>		"GAZ:00001507"
<http://purl.obolibrary.org/obo/HANCESTRO_0576>		
<http://purl.obolibrary.org/obo/HANCESTRO_0310>		
<http://dbpedia.org/resource/Martinique>		"GAZ:00003947"
<http://purl.obolibrary.org/obo/AfPO_0000134>	"A Bantu Eastern population with a population size of 4.663 millions"	
<http://purl.obolibrary.org/obo/HANCESTRO_0610>	"Includes indigenous individuals of North and Central America, descended from the original human migration into the Americas from Siberia."@en	
<http://dbpedia.org/resource/Poland>		"GAZ:00002939"
<http://dbpedia.org/resource/Andorra>		"GAZ:00002948"
<http://purl.obolibrary.org/obo/HANCESTRO_0359>		
<http://dbpedia.org/resource/Eastern_Africa>		"GAZ:00000556"
<http://dbpedia.org/resource/Ivory_Coast>		"GAZ:00000906"
<http://purl.obolibrary.org/obo/AfPO_0000240>	"The Sena are a Bantu Eastern population with a population size of 2 million."	
<http://dbpedia.org/resource/Western_Africa>		"GAZ:00000554"
<http://purl.obolibrary.org/obo/AfPO_0000262>	"A Eastern African population with a population size of 0.025 million"	
<http://purl.obolibrary.org/obo/HANCESTRO_0577>		
<http://dbpedia.org/resource/Macau>		"GAZ:00003202"
<http://purl.obolibrary.org/obo/AfPO_0000274>	"People living in: Angola OR Cameroon OR Central African Republic OR Chad OR Congo OR Democratic Republic of the Congo OR Gabon OR Zambia"	
<http://purl.obolibrary.org/obo/HANCESTRO_0335>		
<http://purl.obolibrary.org/obo/HANCESTRO_0468>		
<http://purl.obolibrary.org/obo/AfPO_0000548>	"A Western African population with a population size of 311500"	
<http://purl.obolibrary.org/obo/HANCESTRO_0444>		
<http://purl.obolibrary.org/obo/HANCESTRO_0311>		
<http://purl.obolibrary.org/obo/AfPO_0000211>	"A Eastern African population with a population size of 4 millions"	
<http://purl.obolibrary.org/obo/AfPO_0000440>		
<http://purl.obolibrary.org/obo/AfPO_0000348>	"A Shona population with a population size of 0.75 million"	
<http://purl.obolibrary.org/obo/HANCESTRO_0420>		
<http://purl.obolibrary.org/obo/AfPO_0000331>		
<http://purl.obolibrary.org/obo/HANCESTRO_0469>		
<http://dbpedia.org/resource/Antigua_and_Barbuda>		"GAZ:00006883"
<http://dbpedia.org/resource/Mozambique>		"GAZ:00001100"
<http://purl.obolibrary.org/obo/AfPO_0000269>		
<http://purl.obolibrary.org/obo/HANCESTRO_0445>		
<http://purl.obolibrary.org/obo/HANCESTRO_0336>		
<http://purl.obolibrary.org/obo/HANCESTRO_0578>		
<http://purl.obolibrary.org/obo/HANCESTRO_0312>		
<http://purl.obolibrary.org/obo/HANCESTRO_0421>		
<http://purl.obolibrary.org/obo/HANCESTRO_0554>		
<http://purl.obolibrary.org/obo/AfPO_0000330>		
<http://purl.obolibrary.org/obo/HANCESTRO_0530>		
<http://purl.obolibrary.org/obo/AfPO_0000354>		
<http://dbpedia.org/resource/Nicaragua>		"GAZ:00002978"
<http://purl.obolibrary.org/obo/AfPO_0000540>	"A Gurma population with a population size of 30900"	
<http://purl.obolibrary.org/obo/AfPO_0000429>	"A Mande Western population with a population size of 1.7 millions"	
<http://purl.obolibrary.org/obo/HANCESTRO_0579>		
<http://purl.obolibrary.org/obo/AfPO_0000247>	"The Tsimihety are a Malagasy population with a population size of 1.2 million."	
<http://purl.obolibrary.org/obo/HANCESTRO_0337>		
<http://purl.obolibrary.org/obo/AfPO_0000521>	"A Western African population with a population size of 810000"	
<http://dbpedia.org/resource/Scotland>		"GAZ:00002639"
<http://urigen_local_uri/ae920f6d-eda5-40ab-8ec9-c5c08b7649af/Punjabi_Sikh>		
<http://purl.obolibrary.org/obo/AfPO_0000389>	"A Cushitic Eastern population with a population size of >20 millions"	
<http://purl.obolibrary.org/obo/AfPO_0000268>		
<http://purl.obolibrary.org/obo/AfPO_0000580>	"A Jola population with a population size of 117000"	
<http://purl.obolibrary.org/obo/AfPO_0000438>	"A Banyarwanda, Southern African population with a population size of 3 millions"	
<http://purl.obolibrary.org/obo/HANCESTRO_0555>		
<http://purl.obolibrary.org/obo/HANCESTRO_0446>		
<http://purl.obolibrary.org/obo/HANCESTRO_0313>		
<http://dbpedia.org/resource/The_Bahamas>		"GAZ:00002733"
<http://purl.obolibrary.org/obo/AfPO_0000203>	"A Western African population with a population size of 20 millions"	
<http://purl.obolibrary.org/obo/HANCESTRO_0531>		
<http://purl.obolibrary.org/obo/HANCESTRO_0422>		
<http://dbpedia.org/resource/Sudan>		"GAZ:00000560"
<http://purl.obolibrary.org/obo/AfPO_0000546>	"A Kru population with a population size of 214000"	
<http://purl.obolibrary.org/obo/AfPO_0000135>		
<http://purl.obolibrary.org/obo/BFO_0000002>		
<http://purl.obolibrary.org/obo/AfPO_0000371>	"A Eastern African population with a population size of >22 millions"	
<http://dbpedia.org/resource/Togo>		"GAZ:00000915"
<http://purl.obolibrary.org/obo/HANCESTRO_0447>		
<http://purl.obolibrary.org/obo/HANCESTRO_0338>		
<http://purl.obolibrary.org/obo/AfPO_0000113>	"A Cushitic Eastern population with a population size of 40 millions"	
<http://dbpedia.org/resource/Bahrain>		"GAZ:00005281"
<http://dbpedia.org/resource/SouthAmerica>		"GAZ:00000459"
<http://dbpedia.org/resource/Syria>		"GAZ:00002474"
<http://dbpedia.org/resource/Ukraine>		"GAZ:00002724"
<http://purl.obolibrary.org/obo/AfPO_0000112>	"A Bantu Eastern population with a population size of 2.7 Millions"	
<http://dbpedia.org/resource/Turkey>		"GAZ:00000558"
<http://purl.obolibrary.org/obo/AfPO_0000220>	"A Berber Northern population with a population size of 0.57 million"	
<http://purl.obolibrary.org/obo/HANCESTRO_0314>		
<http://purl.obolibrary.org/obo/HANCESTRO_0423>		
<http://purl.obolibrary.org/obo/AfPO_0000425>	"A Western African population with a population size of >30 millions"	
<http://purl.obolibrary.org/obo/HANCESTRO_0556>		
<http://dbpedia.org/resource/Nauru>		"GAZ:00006900"
<http://purl.obolibrary.org/obo/HANCESTRO_0532>		
<http://purl.obolibrary.org/obo/AfPO_0000249>	"A Malagasy population with a population size of 1.5 millions"	
<http://dbpedia.org/resource/Tokelau>		"GAZ:00006914"
<http://purl.obolibrary.org/obo/BFO_0000001>		
<http://purl.obolibrary.org/obo/HANCESTRO_0339>		
<http://purl.obolibrary.org/obo/HANCESTRO_0315>		
<http://purl.obolibrary.org/obo/HANCESTRO_0448>		
<http://dbpedia.org/resource/Slovenia>		"GAZ:00002955"
<http://dbpedia.org/resource/Myanmar>		"GAZ:00006899"
<http://dbpedia.org/resource/Asia>		"GAZ:00000465"
<http://purl.obolibrary.org/obo/HANCESTRO_0533>		
<http://purl.obolibrary.org/obo/HANCESTRO_0424>		
<http://purl.obolibrary.org/obo/AfPO_0000296>	"The Mongo are a Bantu Central population with a population size of >15 million."	
<http://dbpedia.org/resource/Norway>		"GAZ:00002699"
<http://purl.obolibrary.org/obo/HANCESTRO_0400>		
<http://purl.obolibrary.org/obo/AfPO_0000484>		
<http://purl.obolibrary.org/obo/AfPO_0000375>		
<http://purl.obolibrary.org/obo/AfPO_0000242>		
<http://purl.obolibrary.org/obo/HANCESTRO_0449>		
<http://purl.obolibrary.org/obo/AfPO_0000198>	"A Nilotic Eastern population with a population size of Nilo-Saharan, Luo, River-Lake"	
<http://purl.obolibrary.org/obo/HANCESTRO_0316>		
<http://purl.obolibrary.org/obo/HANCESTRO_0425>		
<http://purl.obolibrary.org/obo/HANCESTRO_0558>		
<http://dbpedia.org/resource/Iceland>		"GAZ:00000843"
<http://purl.obolibrary.org/obo/AfPO_0000474>	"A Central African population with a population size of 90500"	
<http://purl.obolibrary.org/obo/AfPO_0000293>	"The Luba are a Bantu Central population with a population size of >15 million."	
<http://dbpedia.org/resource/Saint_Helena>		"GAZ:00000849"
<http://purl.obolibrary.org/obo/AfPO_0000168>	"A Eastern African population with a population size of 1.2 millions"	
<http://dbpedia.org/resource/Austria>		"GAZ:00002942"
<http://purl.obolibrary.org/obo/AfPO_0000332>	"A Southern African population with a population size of 0.1 million"	
<http://purl.obolibrary.org/obo/HANCESTRO_0401>		
<http://purl.obolibrary.org/obo/HANCESTRO_0534>		
<http://purl.obolibrary.org/obo/AfPO_0000508>	"A Malagasy population with a population size of 400000"	
<http://purl.obolibrary.org/obo/AfPO_0000350>		
<http://purl.obolibrary.org/obo/HANCESTRO_0510>		
<http://purl.obolibrary.org/obo/AfPO_0000576>	"A Swahili population with a population size of 217,400"	
<http://purl.obolibrary.org/obo/AfPO_0000483>		
<http://purl.obolibrary.org/obo/AfPO_0000265>		
<http://dbpedia.org/resource/United_States_Virgin_Islands>		"GAZ:00003959"
<http://purl.obolibrary.org/obo/AfPO_0000098>	"A Kalenjin population with a population size of 937,884"	
<http://purl.obolibrary.org/obo/HANCESTRO_0559>		
<http://purl.obolibrary.org/obo/HANCESTRO_0317>		
<http://purl.obolibrary.org/obo/HANCESTRO_0535>		
<http://purl.obolibrary.org/obo/AfPO_0000294>	"A Bantu Central population with a population size of 6.4 millions"	
<http://purl.obolibrary.org/obo/HANCESTRO_0426>		
<http://purl.obolibrary.org/obo/AfPO_0000525>	"A Western African population with a population size of 659000"	
<http://purl.obolibrary.org/obo/IAO_0000409>	"A denotator type indicates how a term should be interpreted from an ontological perspective."@en	
<http://purl.obolibrary.org/obo/HANCESTRO_0470>		
<http://purl.obolibrary.org/obo/HANCESTRO_0361>		
<http://purl.obolibrary.org/obo/AfPO_0000306>	"A Western African, Nilotic Central population with a population size of 3.5 millions"	
<http://dbpedia.org/resource/Israel>		"GAZ:00002476"
<http://purl.obolibrary.org/obo/AfPO_0000349>	"A Shona population with a population size of 0.1 million"	
<http://purl.obolibrary.org/obo/AfPO_0000482>		
<http://purl.obolibrary.org/obo/BFO_0000006>		
<http://purl.obolibrary.org/obo/AfPO_0000264>		
<http://purl.obolibrary.org/obo/HANCESTRO_0385>		
<http://purl.obolibrary.org/obo/HANCESTRO_0494>		
<http://purl.obolibrary.org/obo/AfPO_0000536>	"A Gurma population with a population size of 950000"	
<http://purl.obolibrary.org/obo/AfPO_0000179>		
<http://purl.obolibrary.org/obo/AfPO_0000419>	"A Western African population with a population size of 0.3 millions"	
<http://purl.obolibrary.org/obo/AfPO_0000288>		
<http://purl.obolibrary.org/obo/HANCESTRO_0034>		
<http://purl.obolibrary.org/obo/AfPO_0000188>	"People living in: Burundi OR Comoros OR Djibouti OR Eritrea OR Ethiopia OR Kenya OR Madagascar OR Malawi OR Mauritius OR Mayotte OR Mozambique OR Rwanda OR Réunion OR Seychelles OR Somalia OR South Sudan OR Sudan OR Uganda OR United Republic of Tanzania OR Zimbabwe"	
<http://purl.obolibrary.org/obo/AfPO_0000225>	"A Eastern African population with a population size of 1300 persons"	
<http://dbpedia.org/resource/Egypt>		"GAZ:00003934"
<http://dbpedia.org/resource/Trinidad_and_Tobago>		"GAZ:00003767"
<http://dbpedia.org/resource/Belgium>		"GAZ:00002938"
<http://purl.obolibrary.org/obo/HANCESTRO_0580>		
<http://dbpedia.org/resource/Colombia>		"GAZ:00002929"
<http://purl.obolibrary.org/obo/HANCESTRO_0471>		
<http://dbpedia.org/resource/Australia>		"GAZ:00000463"
<http://purl.obolibrary.org/obo/AfPO_0000141>	"The Soninke are a Mande Western population with a population size of 2 million."	
<http://dbpedia.org/resource/Afghanistan>		"GAZ:00006882"
<http://purl.obolibrary.org/obo/AfPO_0000263>		
<http://purl.obolibrary.org/obo/AfPO_0000088>	"A Bantu Eastern population with a population size of 5.3 millions"	
<http://dbpedia.org/resource/Faeroe_Islands>		"GAZ:00059206"
<http://purl.obolibrary.org/obo/HANCESTRO_0386>		
<http://purl.obolibrary.org/obo/HANCESTRO_0495>		
<http://dbpedia.org/resource/Gabon>		"GAZ:00001092"
<http://purl.obolibrary.org/obo/HANCESTRO_0362>		
<http://dbpedia.org/resource/Ecuador>		"GAZ:00002912"
<http://purl.obolibrary.org/obo/HANCESTRO_0035>		
<http://dbpedia.org/resource/Belize>		"GAZ:00002934"
<http://purl.obolibrary.org/obo/AfPO_0000385>	"A Cushitic Eastern population with a population size of 2.8 millions"	
<http://dbpedia.org/resource/Ethiopia>		"GAZ:00000567"
<http://purl.obolibrary.org/obo/AfPO_0000109>	"A Kalenjin population with a population size of 197556"	
<http://purl.obolibrary.org/obo/AfPO_0000290>	"A Bantu Western, Bantu Central population with a population size of 3.3 millions with a group of 20 sub-ethnicities"	
<http://purl.obolibrary.org/obo/AfPO_0000231>	"A Berber Northern population with a population size of 0.150 million"	
<http://purl.obolibrary.org/obo/HANCESTRO_0581>		
<http://purl.obolibrary.org/obo/HANCESTRO_0387>		
<http://purl.obolibrary.org/obo/HANCESTRO_0496>		
<http://purl.obolibrary.org/obo/AfPO_0000286>		
<http://purl.obolibrary.org/obo/HANCESTRO_0017>	"Includes individuals that either self-report or have been described by authors as Oceanian or one of the sub-populations from this region (e.g. Native Hawaiian). We note that there does not appear to be a suitable reference population for this category and efforts are required to fill this gap."@en	
<http://purl.obolibrary.org/obo/HANCESTRO_0363>		
<http://purl.obolibrary.org/obo/HANCESTRO_0472>		
<http://purl.obolibrary.org/obo/AfPO_00003674>	"A Nilotic Eastern population with a population size of 0.2 million"	
<http://purl.obolibrary.org/obo/HANCESTRO_0036>		
<http://purl.obolibrary.org/obo/OBI_0000245>	"An entity that can bear roles, has members, and has a set of organization rules. Members of organizations are either organizations themselves or individual people. Members can bear specific organization member roles that are determined in the organization rules. The organization rules also determine how decisions are made on behalf of the organization by the organization members."@en	
<http://dbpedia.org/resource/Suriname>		"GAZ:00002525"
<http://purl.obolibrary.org/obo/AfPO_0000142>	"A Bantu Southern population with a population size of 15 millions"	
<http://purl.obolibrary.org/obo/AfPO_0000477>	"A Central African population with a population size of 228000"	
<http://purl.obolibrary.org/obo/HANCESTRO_0388>		
<http://purl.obolibrary.org/obo/HANCESTRO_0497>		
<http://purl.obolibrary.org/obo/HANCESTRO_0364>		
<http://purl.obolibrary.org/obo/AfPO_0000104>	"A Northern African, Central African, Western African, Eastern African population with a population size of 25 millions"	
<http://purl.obolibrary.org/obo/HANCESTRO_0582>		
<http://dbpedia.org/resource/Seychelles>		"GAZ:00005821"
<http://purl.obolibrary.org/obo/HANCESTRO_0473>		
<http://purl.obolibrary.org/obo/HANCESTRO_0340>		
<http://dbpedia.org/resource/Cook_Islands>		"GAZ:00053798"
<http://dbpedia.org/resource/Cape_Verde>		"GAZ:00001227"
<http://purl.obolibrary.org/obo/HANCESTRO_0037>		
<http://purl.obolibrary.org/obo/AfPO_0000407>	"A Bantu Eastern population with a population size of 1.4 million"	
<http://dbpedia.org/resource/South_Africa>		"GAZ:00000553"
<http://purl.obolibrary.org/obo/AfPO_0000372>	"A Eastern African population with a population size of 2 millions"	
<http://purl.obolibrary.org/obo/AfPO_0000393>		
<http://purl.obolibrary.org/obo/AfPO_0000260>		
<http://purl.obolibrary.org/obo/HANCESTRO_0498>		
<http://dbpedia.org/resource/Anguilla>		"GAZ:00009159"
<http://purl.obolibrary.org/obo/HANCESTRO_0389>		
<http://purl.obolibrary.org/obo/HANCESTRO_0474>		
<http://purl.obolibrary.org/obo/HANCESTRO_0365>		
<http://purl.obolibrary.org/obo/HANCESTRO_0341>		
<http://purl.obolibrary.org/obo/HANCESTRO_0450>		
<http://purl.obolibrary.org/obo/AfPO_0000571>	"A Pygmy Central population with a population size of 12500"	
<http://purl.obolibrary.org/obo/HANCESTRO_0583>		
<http://dbpedia.org/resource/Lebanon>		"GAZ:00002478"
<http://purl.obolibrary.org/obo/HANCESTRO_0630>	"Individuals who self-identify or are reported by authors as belonging to an Chibchan-speaking indigenous people of Colombia, descended from the Tairona culture, concentrated in northern Colombia in the Sierra Nevada de Santa Marta."	
<http://purl.obolibrary.org/obo/HANCESTRO_0038>		
<http://dbpedia.org/resource/Eritrea>		"GAZ:00000581"
<http://purl.obolibrary.org/obo/AfPO_0000405>	"A Bantu Eastern population with a population size of 5.4 millions"	
<http://dbpedia.org/resource/Azerbaijan>		"GAZ:00004941"
<http://purl.obolibrary.org/obo/AfPO_0000302>	"A Ubangi Central population with a population size of 1.5 million"	
<http://purl.obolibrary.org/obo/HANCESTRO_0366>		
<http://purl.obolibrary.org/obo/HANCESTRO_0584>		
<http://purl.obolibrary.org/obo/HANCESTRO_0342>		
<http://purl.obolibrary.org/obo/HANCESTRO_0475>		
<http://purl.obolibrary.org/obo/AfPO_0000409>	"A Bantu Eastern population with a population size of 1.546 millions"	
<http://purl.obolibrary.org/obo/HANCESTRO_0560>		
<http://purl.obolibrary.org/obo/HANCESTRO_0451>		
<http://purl.obolibrary.org/obo/AfPO_0000394>	"A Semitic Eastern population with a population size of 0.2 millions"	
<http://purl.obolibrary.org/obo/AfPO_0000121>	"A Senufo population with a population size of 0.74 million"	
<http://purl.obolibrary.org/obo/HANCESTRO_0039>		
<http://dbpedia.org/resource/Liberia>		"GAZ:00000911"
<http://dbpedia.org/resource/Saint_Vincent_and_the_Grenadines>		"GAZ:02000565"
<http://dbpedia.org/resource/Papua_New_Guinea>		"GAZ:00003922"
<http://purl.obolibrary.org/obo/AfPO_0000552>	"The Kpelle are a Mande Western population with a population size of 2 million."	
<http://dbpedia.org/resource/Kuwait>		"GAZ:00005285"
<http://purl.obolibrary.org/obo/AfPO_0000417>	"A Western African population with a population size of 1.6 millions"	
<http://dbpedia.org/resource/Bulgaria>		"GAZ:00002950"
<http://dbpedia.org/resource/Kiribati>		"GAZ:00006894"
<http://dbpedia.org/resource/United_Kingdom>		"GAZ:00002637"
<http://dbpedia.org/resource/Hong_Kong>		"GAZ:00003203"
<http://purl.obolibrary.org/obo/AfPO_0000282>		
<http://purl.obolibrary.org/obo/HANCESTRO_0476>		
<http://purl.obolibrary.org/obo/HANCESTRO_0367>		
<http://dbpedia.org/resource/Iraq>		"GAZ:00004483"
<http://purl.obolibrary.org/obo/HANCESTRO_0343>		
<http://purl.obolibrary.org/obo/HANCESTRO_0452>		
<http://purl.obolibrary.org/obo/AfPO_0000547>	"A Kru population with a population size of 387000"	
<http://purl.obolibrary.org/obo/HANCESTRO_0585>		
<http://purl.obolibrary.org/obo/HANCESTRO_0592>	"The Luhya are the second-largest ethnic group in Kenya and are comprised of subgroups that speak a common Bantu language. (PMID: 27813082) The Luhya ancestry group was assembled as part of phase III of the HapMap project and used in a number of rare variant density studies (PMID:22373165, PMID:26673965)"	
<http://purl.obolibrary.org/obo/HANCESTRO_0561>		
<http://purl.obolibrary.org/obo/AfPO_0000535>	"A Gurma population with a population size of 1.4 million"	
<http://purl.obolibrary.org/obo/AfPO_0000401>	"The Chaga are a Bantu Eastern population with a population size of 2 million."	
<http://dbpedia.org/resource/France>		"GAZ:00002940"
<http://purl.obolibrary.org/obo/AfPO_0000281>		
<http://dbpedia.org/resource/Kyrgyzstan>		"GAZ:00006893"
<http://purl.obolibrary.org/obo/AfPO_0000493>	"A Bantu Eastern population with a population size of 4 Millions"	
<http://purl.obolibrary.org/obo/AfPO_0000551>	"A Mande Western population with a population size of 363000"	
<http://dbpedia.org/resource/Czech_Republic>		"GAZ:00002954"
<http://dbpedia.org/resource/North_Korea>		"GAZ:00002801"
<http://purl.obolibrary.org/obo/HANCESTRO_0368>		
<http://purl.obolibrary.org/obo/HANCESTRO_0571>	"Individuals who self-identify or are reported by authors as belonging to the indigenous peoples who have historically lived on the Interior Plains (the Great Plains and Canadian Prairies) of North America"	
<http://purl.obolibrary.org/obo/HANCESTRO_0586>		
<http://purl.obolibrary.org/obo/HANCESTRO_0477>		
<http://purl.obolibrary.org/obo/HANCESTRO_0344>		
<http://purl.obolibrary.org/obo/HANCESTRO_0453>		
<http://purl.obolibrary.org/obo/HANCESTRO_0320>		
<http://purl.obolibrary.org/obo/AfPO_0000575>	"A Swahili population with a population size of 416,200"	
<http://dbpedia.org/resource/Saint_Martin>		"GAZ:00005841"
<http://purl.obolibrary.org/obo/AfPO_0000227>	"A Western African population with a population size of 1.9 millions"	
<http://purl.obolibrary.org/obo/AfPO_0000339>	"A Bantu Southern population with a population size of 4.037 Millions"	
<http://purl.obolibrary.org/obo/AfPO_0000236>	"A Bantu Eastern, Bantu Southern population with a population size of 0.758 million"	
<http://purl.obolibrary.org/obo/AfPO_0000485>	"A Central African population with a population size of 177000"	
<http://dbpedia.org/resource/Taiwan>		"GAZ:00005341"
<http://purl.obolibrary.org/obo/HANCESTRO_0286>	"Includes individuals who either self-report or have been described by authors as Central Asian. We note that there does not appear to be a suitable reference population for this population and efforts are required to fill this gap."@en	
<http://purl.obolibrary.org/obo/AfPO_0000125>	"A Western African, Eastern African population with a population size of 90 millions"	
<http://dbpedia.org/resource/Senegal>		"GAZ:00000913"
<http://purl.obolibrary.org/obo/HANCESTRO_0010>	"Includes individuals that either self-report or have been described as African, but there was not sufficient information to allow classification as African American, AfroCaribbean or Sub-Saharan African."@en	
<http://purl.obolibrary.org/obo/AfPO_0000392>	"A Semitic Eastern population with a population size of 1.9 millions. Subdivided into three groups: East, North, West."	
<http://dbpedia.org/resource/Sweden>		"GAZ:00002729"
<http://dbpedia.org/resource/Malaysia>		"GAZ:00003902"
<http://purl.obolibrary.org/obo/AfPO_0000087>	"A Western African population with a population size of >34 millions"	
<http://purl.obolibrary.org/obo/HANCESTRO_0305>	"Ancestry that is the result of cultural or geographic isolation. Generally characterised by increased genetic homogeneity and reduced genetic variation"	
<http://purl.obolibrary.org/obo/AfPO_0000528>	"A Western African population with a population size of 2500"	
<http://dbpedia.org/resource/Dominica>		"GAZ:00006890"
<http://purl.obolibrary.org/obo/AfPO_0000216>	"'The Nuba trace their geographical roots to the area around the Nuba mountains, the uppermost regions around the Ingessana hills and communities close to the Red Sea.' taken from: Culture and Customs of Sudan. Written by De Kwame Essien, Toyin Falola Ph.D."	
<http://purl.obolibrary.org/obo/AfPO_0000434>	"A Songhai population with a population size of >5 millions"	
<http://purl.obolibrary.org/obo/AfPO_0000195>		
<http://dbpedia.org/resource/El_Salvador>		"GAZ:00002935"
<http://purl.obolibrary.org/obo/AfPO_0000355>	"Descendants of Andalusians people"	
<http://purl.obolibrary.org/obo/AfPO_0000276>	"People living in: Botswana OR Eswatini OR Lesotho OR Namibia OR South Africa"	
<http://purl.obolibrary.org/obo/AfPO_0000408>	"A Bantu Eastern population with a population size of >0.1 millons"	
<http://purl.obolibrary.org/obo/AfPO_0000471>	"A Bantu Central population with a population size of 317000"	
<http://dbpedia.org/resource/Republic_of_Macedonia>		"GAZ:00006895"
<http://purl.obolibrary.org/obo/AfPO_0000170>		
<http://dbpedia.org/resource/Cameroon>		"GAZ:00001093"
<http://dbpedia.org/resource/Bolivia>		"GAZ:00002511"
<http://purl.obolibrary.org/obo/HANCESTRO_0050>		
<http://purl.obolibrary.org/obo/HANCESTRO_0006>	"Includes individuals who either self-report or have been described by authors as South Asian or one of the sub-populations from this region (e.g Asian Indian). This category also includes individuals who genetically cluster with reference populations from this region, for example 1000 Genomes and/or HapMap\nBEB, GIH, ITU, PJL and STU populations."@en	
<http://purl.obolibrary.org/obo/HANCESTRO_0624>	"Individuals who self-identify or are reported by authors as belonging to a group of indigenous people in the Andes and Altiplano regions of South America; about 2.3 million live in northwest Argentina, Bolivia, Chile and Peru."	
<http://purl.obolibrary.org/obo/AfPO_0000377>	"A Luo population with a population size of 1.7 million"	
<http://dbpedia.org/resource/Djibouti>		"GAZ:00000582"
<http://purl.obolibrary.org/obo/AfPO_0000473>	"A Bantu Central population with a population size of 100000"	
<http://dbpedia.org/resource/Tonga>		"GAZ:00006916"
<http://purl.obolibrary.org/obo/AfPO_0000413>	"A Western African population with a population size of 0.04"	
<http://purl.obolibrary.org/obo/AfPO_0000520>	"A Western African population with a population size of 61500"	
<http://purl.obolibrary.org/obo/AfPO_0000343>	"A Bantu Southern population with a population size of 7.130 millions"	
<http://purl.obolibrary.org/obo/IAO_0000078>	"The curation status of the term. The allowed values come from an enumerated list of predefined terms. See the specification of these instances for more detailed definitions of each enumerated value."@en	
<http://purl.obolibrary.org/obo/AfPO_0000147>	"A Western African population with a population size of 0.93 millions"	
<http://dbpedia.org/resource/Jordan>		"GAZ:00002473"
<http://purl.obolibrary.org/obo/AfPO_0000289>	"A Kanuri population with a population size of 0.655 millions"	
<http://purl.obolibrary.org/obo/HANCESTRO_0051>		
<http://dbpedia.org/resource/Republic_of_the_Congo>		"GAZ:00001088"
<http://purl.obolibrary.org/obo/HANCESTRO_0600>	"A geographic descriptor is descriptor that qualifies a population term as relating to a geographic location"	
<http://purl.obolibrary.org/obo/AfPO_0000058>	"A Bantu Western population with a population size of 3.8 millions"	
<http://purl.obolibrary.org/obo/AfPO_0000378>	"A Luo population with a population size of 2.2 millions"	
<http://purl.obolibrary.org/obo/AfPO_0000325>	"A Southern African population with a population size of 2.8–3.5 million"	
<http://dbpedia.org/resource/Oceania>		"GAZ:00000468"
<http://purl.obolibrary.org/obo/AfPO_0000084>		
<http://dbpedia.org/resource/Comoros>		"GAZ:00005820"
<http://dbpedia.org/resource/Swaziland>		
<http://purl.obolibrary.org/obo/AfPO_0000209>	"A Eastern African population with a population size of 0.462 million"	
<http://dbpedia.org/resource/Benin>		"GAZ:00000904"
<http://purl.obolibrary.org/obo/AfPO_0000136>	"The Ga-Adangbe are a Western African population with a population size of 2 million."	
<http://purl.obolibrary.org/obo/AfPO_0000116>	"A Nguni population with a population size of 7.9 millions"	
<http://purl.obolibrary.org/obo/AfPO_0000543>	"A Mande Western population with a population size of 700000"	
<http://dbpedia.org/resource/Mexico>		"GAZ:00002852"
<http://purl.obolibrary.org/obo/HANCESTRO_0052>		
<http://purl.obolibrary.org/obo/GAZ_00000013>	"One of the large, unbroken masses of land into which the Earth's surface is divided."	
<http://dbpedia.org/resource/Uganda>		"GAZ:00001102"
<http://purl.obolibrary.org/obo/AfPO_0000057>	"A Nilotic Eastern population with a population size of 0.1 millions"	
<http://purl.obolibrary.org/obo/HANCESTRO_0380>		
<http://dbpedia.org/resource/Bermuda>		"GAZ:00001264"
<http://purl.obolibrary.org/obo/HANCESTRO_0570>	"Individuals who self-identify or are reported by authors as belonging to a group of indigenous Americans living in an area consisting of what is now central and southern Arizona, as well as northwestern Mexico in the states of Sonora and Chihuahua. The majority population of the two current bands of the Akimel O'odham in the United States are based in two reservations: the Keli Akimel Oʼodham on the Gila River Indian Community (GRIC) and the On'k Akimel O'odham on the Salt River Pima-Maricopa Indian Community (SRPMIC)."	
<http://purl.obolibrary.org/obo/AfPO_0000358>	"A Northern African population with a population size of 1.7 million"	
<http://purl.obolibrary.org/obo/AfPO_0000480>	"A Central African population with a population size of 65000"	
<http://purl.obolibrary.org/obo/AfPO_0000465>	"A Bantu Central population with a population size of 89500"	
<http://purl.obolibrary.org/obo/AfPO_0000513>	"A Nilotic Eastern population with a population size of 108000"	
<http://purl.obolibrary.org/obo/AfPO_0000353>	"A Ndebele population with a population size of 0.7 million"	
<http://purl.obolibrary.org/obo/HANCESTRO_0601>	"Population category defined in terms of cultural, religious, tribal or other social similarities"	
<http://dbpedia.org/resource/Saint_Pierre_and_Miquelon>		"GAZ:00003942"
<http://purl.obolibrary.org/obo/AfPO_0000333>	"A Khoekhoe, San population with a population size of 0.4 millions"	
<http://purl.obolibrary.org/obo/HANCESTRO_0614>	"Individuals who self-identify or are reported by authors as belonging to the Mayan ethnolinguistic group of indigenous peoples of Mesoamerica."	
<http://dbpedia.org/resource/Polynesia>		"GAZ:00005861"
<http://purl.obolibrary.org/obo/HANCESTRO_0053>		
<http://purl.obolibrary.org/obo/AfPO_0000256>	"A Malagasy population with a population size of 0.6 million"	
<http://purl.obolibrary.org/obo/HANCESTRO_0381>		
<http://purl.obolibrary.org/obo/HANCESTRO_0490>		
<http://dbpedia.org/resource/Algeria>		"GAZ:00000563"
<http://dbpedia.org/resource/Micronesia>		"GAZ:00005862"
<http://purl.obolibrary.org/obo/AfPO_0000149>	"A Gurunsi population with a population size of 0.3 millions"	
<http://purl.obolibrary.org/obo/AfPO_0000300>	"A Bantu Central population with a population size of 4.6 milions"	
<http://purl.obolibrary.org/obo/HANCESTRO_0054>		
<http://purl.obolibrary.org/obo/HANCESTRO_0591>	"The Esan people are one of the major ethnic groups in Edo State, Nigeria who speak the Esan language. (PMID:10146569) Samples from this population were studied as part of the full 1000 Genomes project (https://www.coriell.org/1/NHGRI/Collections/1000-Genomes-Collections/Esan-in-Nigeria-ESN)"	
<http://purl.obolibrary.org/obo/AfPO_0000283>	"A Pygmy Central population with a population size of 0.03 milion"	
<http://dbpedia.org/resource/Costa_Rica>		"GAZ:00002901"
<http://purl.obolibrary.org/obo/AfPO_0000527>		
<http://dbpedia.org/resource/Guinea_Bissau>		"GAZ:00000910"
<http://purl.obolibrary.org/obo/HANCESTRO_0030>		
<http://purl.obolibrary.org/obo/AfPO_0000071>	"A Nilotic Eastern population with a population size of 5 millions"	
<http://purl.obolibrary.org/obo/AfPO_0000228>	"A Western African population with a population size of 0.285 million"	
<http://purl.obolibrary.org/obo/HANCESTRO_0382>		
<http://purl.obolibrary.org/obo/HANCESTRO_0491>		
<http://dbpedia.org/resource/Georgia_(country)>		"GAZ:00004942"
<http://purl.obolibrary.org/obo/AfPO_0000206>	"A Nilotic Western population with a population size of 5 millions"	
<http://purl.obolibrary.org/obo/AfPO_0000542>	"A Jola population with a population size of 10125"	
<http://dbpedia.org/resource/Panama>		"GAZ:00002892"
<http://purl.obolibrary.org/obo/AfPO_0000414>	"A Western African population with a population size of 0.1 million"	
<http://dbpedia.org/resource/Democratic_Republic_of_the_Congo>		"GAZ:00001086"
<http://dbpedia.org/resource/Portugal>		"GAZ:00002944"
<http://purl.obolibrary.org/obo/HANCESTRO_0055>		
<http://purl.obolibrary.org/obo/AfPO_0000470>	"A Bantu Central population with a population size of 250000"	
<http://purl.obolibrary.org/obo/AfPO_0000544>	"A Gurma population with a population size of 1.22 millions"	
<http://purl.obolibrary.org/obo/AfPO_0000080>		
<http://purl.obolibrary.org/obo/AfPO_0000526>		
<http://purl.obolibrary.org/obo/HANCESTRO_0031>		
<http://purl.obolibrary.org/obo/HANCESTRO_0492>		
<http://purl.obolibrary.org/obo/HANCESTRO_0383>		
<http://purl.obolibrary.org/obo/AfPO_0000461>	"A Bantu Central population with a population size of 260000"	
<http://purl.obolibrary.org/obo/AfPO_0000352>	"A Ndebele population with a population size of 1.5 million"	
<http://purl.obolibrary.org/obo/HANCESTRO_0016>	"Includes individuals who either self-report or have been described by authors as African American or Afro-Caribbean. This category also includes individuals who genetically cluster with reference populations from this region, for example 1000 Genomes and/or HapMap ACB or ASW populations. We note that there is likely to be significant admixture with European ancestry populations."	
<http://purl.obolibrary.org/obo/AfPO_0000255>	"A Malagasy population with a population size of 0.0012 million"	
<http://purl.obolibrary.org/obo/AfPO_0000400>	"A Bantu Eastern population with a population size of 2.9"	
<http://purl.obolibrary.org/obo/HANCESTRO_0032>		
<http://dbpedia.org/resource/Southern_Europe>		
<http://dbpedia.org/resource/Kenya>		"GAZ:00001101"
<http://purl.obolibrary.org/obo/AfPO_0000397>	"A Semitic Eastern population with a population size of 1.5 millions"	
<http://dbpedia.org/resource/Burkina_Faso>		"GAZ:00000905"
<http://purl.obolibrary.org/obo/BFO_0000020>	"b is a specifically dependent continuant = Def. b is a continuant & there is some independent continuant c which is not a spatial region and which is such that b s-depends_on c at every time t during the course of b’s existence. (axiom label in BFO2 Reference: [050-003])"@en	
<http://purl.obolibrary.org/obo/HANCESTRO_0360>		
<http://purl.obolibrary.org/obo/HANCESTRO_0493>		
<http://dbpedia.org/resource/Central_African_Republic>		"GAZ:00001089"
<http://purl.obolibrary.org/obo/AfPO_0000553>	"A Mande Western population with a population size of > 2 millions"	
<http://purl.obolibrary.org/obo/HANCESTRO_0613>	"Individuals who self-identify or are reported by authors as belonging to a group of indigenous people of Mexico inhabiting the central Mexican Plateau (Altiplano) region."	
<http://dbpedia.org/resource/Laos>		"GAZ:00006889"
<http://dbpedia.org/resource/Saint_Kitts_and_Nevis>		"GAZ:00006906"
<http://purl.obolibrary.org/obo/HANCESTRO_0384>		
<http://purl.obolibrary.org/obo/AfPO_0000467>	"A Bantu Central population with a population size of 2.355 millions"	
<http://dbpedia.org/resource/China>		"GAZ:00002845"
<http://purl.obolibrary.org/obo/HANCESTRO_0033>		
<http://purl.obolibrary.org/obo/AfPO_0000244>	"A Cushitic Eastern population with a population size of 0.030 million"	
<http://purl.obolibrary.org/obo/AfPO_0000494>	"A Bantu Eastern population with a population size of 112075"	
<http://dbpedia.org/resource/Eastern_Asia>		"GAZ:00002471"
<http://dbpedia.org/resource/Sierra_Leone>		"GAZ:00000914"
<http://purl.obolibrary.org/obo/AfPO_0000069>	"A Nguni population with a population size of 12 millions"	
<http://purl.obolibrary.org/obo/HANCESTRO_0523>		
<http://dbpedia.org/resource/New_Caledonia>		"GAZ:00005206"
<http://purl.obolibrary.org/obo/AfPO_0000336>	"The Himba are a Bantu Southern population with a population size of 0.05 million."	
<http://purl.obolibrary.org/obo/HANCESTRO_0548>		
<http://purl.obolibrary.org/obo/HANCESTRO_0439>		
<http://purl.obolibrary.org/obo/AfPO_0000362>	"A Berber Northern population with a population size of Afro-Asiatic|Berber|Northern|Atlas"	
<http://dbpedia.org/resource/Tuvalu>		"GAZ:00009715"
<http://purl.obolibrary.org/obo/HANCESTRO_0524>		
<http://purl.obolibrary.org/obo/AfPO_0000479>	"A Central African population with a population size of 347614"	
<http://purl.obolibrary.org/obo/HANCESTRO_0415>		
<http://dbpedia.org/resource/Turks_and_Caicos_Islands>		"GAZ:00003955"
<http://purl.obolibrary.org/obo/AfPO_0000509>	"A Kalenjin population with a population size of 180000"	
<http://dbpedia.org/resource/Northern_Europe>		
<http://purl.obolibrary.org/obo/AfPO_0000298>	"A Bantu Central population with a population size of 0.08 million"	
<http://purl.obolibrary.org/obo/AfPO_0000399>	"A Khoisan Eastern population with a population size of 0.06 million"	
<http://dbpedia.org/resource/Somalia>		"GAZ:00001104"
<http://purl.obolibrary.org/obo/HANCESTRO_0620>	"Individuals who self-identify or are reported by authors as belonging to the Wayúu indigenous people of the Guajira Peninsula in northernmost part of Colombia and northwest Venezuela."	
<http://purl.obolibrary.org/obo/AfPO_0000541>	"A Western African population with a population size of 2.7 Million"	
<http://purl.obolibrary.org/obo/HANCESTRO_0500>		
<http://purl.obolibrary.org/obo/AfPO_0000522>	"A Akan population with a population size of 2 millions"	
<http://dbpedia.org/resource/Guinea>		"GAZ:00000909"
<http://purl.obolibrary.org/obo/AfPO_0000518>	"A Sotho population with a population size of 3,575 Millions"	
<http://purl.obolibrary.org/obo/AfPO_0000067>	"A Bantu Western population with a population size of 0.8 million"	
<http://purl.obolibrary.org/obo/HANCESTRO_0307>		
<http://purl.obolibrary.org/obo/HANCESTRO_0416>		
<http://purl.obolibrary.org/obo/HANCESTRO_0549>		
<http://dbpedia.org/resource/Rwanda>		"GAZ:00001087"
<http://purl.obolibrary.org/obo/HANCESTRO_0525>		
<http://purl.obolibrary.org/obo/HANCESTRO_0566>	"Population for which insufficient information is available to allocate it to a specific ancestral group or which contain individuals from a range of known ancestry categories, eg American"	
<http://dbpedia.org/resource/Réunion>		"GAZ:00053746"
<http://purl.obolibrary.org/obo/AfPO_0000412>		
<http://dbpedia.org/resource/Libya>		"GAZ:00000566"
<http://purl.obolibrary.org/obo/AfPO_0000436>		
<http://purl.obolibrary.org/obo/HANCESTRO_0617>	"Individuals who self-identify or are reported by authors as belonging to a group of indigenous people of the Americas living in the state of Chihuahua in Mexico"	
<http://purl.obolibrary.org/obo/HANCESTRO_0501>		
<http://dbpedia.org/resource/Bhutan>		"GAZ:00003920"
<http://purl.obolibrary.org/obo/AfPO_0000492>	"A Bantu Eastern population with a population size of 4,436 Millions"	
<http://purl.obolibrary.org/obo/HANCESTRO_0595>	"Native people residing in the Arctic of Alaska, northern Canada, Greenland, or eastern Siberia"	
<http://purl.obolibrary.org/obo/HANCESTRO_0526>		
<http://purl.obolibrary.org/obo/HANCESTRO_0417>		
<http://purl.obolibrary.org/obo/HANCESTRO_0502>		
<http://purl.obolibrary.org/obo/AfPO_0000250>	"A Malagasy population with a population size of 0.5 million"	
<http://dbpedia.org/resource/Uruguay>		"GAZ:00002930"
<http://purl.obolibrary.org/obo/AfPO_0000374>	"A Luo population with a population size of 2 Millions"	
<http://purl.obolibrary.org/obo/AfPO_0000572>	"A Beti-Pahuin population with a population size of 2500000"	
<http://purl.obolibrary.org/obo/AfPO_0000056>	"A Nilotic Eastern population with a population size of 0.9 millions"	
<http://purl.obolibrary.org/obo/AfPO_0000557>	"A Mande Western population with a population size of 206000"	
<http://purl.obolibrary.org/obo/AfPO_0000530>	"A Western African population with a population size of 150000"	
<http://dbpedia.org/resource/Oman>		"GAZ:00005283"
<http://purl.obolibrary.org/obo/AfPO_0000326>		
<http://dbpedia.org/resource/Lesotho>		"GAZ:00001098"
<http://purl.obolibrary.org/obo/HANCESTRO_0309>		
<http://purl.obolibrary.org/obo/HANCESTRO_0418>		
<http://purl.obolibrary.org/obo/AfPO_0000252>	"A Betsileo population with a population size of 0.015 million"	
<http://purl.obolibrary.org/obo/AfPO_0000347>	"A Sotho population with a population size of 4.7 millions"	
<http://purl.obolibrary.org/obo/AfPO_0000131>	"A Gurma population with a population size of 7.6 millions"	
<http://purl.obolibrary.org/obo/HANCESTRO_0527>		
<http://purl.obolibrary.org/obo/HANCESTRO_0011>	"Includes individuals who either self-report or have been described by authors as SubSaharan African or one of the subpopulations from this region (e.g. Yoruban).\nThis category also includes individuals who genetically cluster with reference populations from this region for example 1000 Genomes and/or HapMap ESN, LWK, GWD, MSL, MKK and YRI populations."@en	
<http://purl.obolibrary.org/obo/HANCESTRO_0503>		
<http://purl.obolibrary.org/obo/AfPO_0000304>	"A Ubangi Central, Eastern African population with a population size of 1-4 millions"	
<http://purl.obolibrary.org/obo/AfPO_0000132>	"A Bantu Southern population with a population size of 5 millions"	
<http://purl.obolibrary.org/obo/AfPO_0000490>	"A Bantu Eastern population with a population size of 2.233 millions"	
<http://dbpedia.org/resource/Brazil>		"GAZ:00002828"
<http://purl.obolibrary.org/obo/AfPO_0000287>	"A Pygmy Eastern, Pygmy Southern, Banyarwanda, Pygmy Central population with a population size of 0.04 million"	
<http://dbpedia.org/resource/United_Arab_Emirates>		"GAZ:00005282"
<http://purl.obolibrary.org/obo/AfPO_0000301>	"A Kongo population with a population size of 0.5 million"	
<http://dbpedia.org/resource/New_Zealand>		"GAZ:00000469"
<http://purl.obolibrary.org/obo/AfPO_0000342>	"A Bantu Southern, Bantu Eastern population with a population size of 10.6 millions"	
<http://purl.obolibrary.org/obo/AfPO_0000503>	"A Malagasy population with a population size of 50000"	
<http://dbpedia.org/resource/South-central_Asia>		
<http://purl.obolibrary.org/obo/HANCESTRO_0528>		
<http://purl.obolibrary.org/obo/HANCESTRO_0419>		
<http://purl.obolibrary.org/obo/HANCESTRO_0504>		
<http://purl.obolibrary.org/obo/AfPO_0000489>	"A Bantu Eastern population with a population size of 89900"	
<http://purl.obolibrary.org/obo/AfPO_0000519>	"A Khoisan South population with a population size of 146000"	
<http://purl.obolibrary.org/obo/AfPO_0000285>	"A Pygmy Central population with a population size of 0.07 million"	
<http://dbpedia.org/resource/São_Tomé_and_Príncipe>		"GAZ:00006927"
<http://purl.obolibrary.org/obo/HANCESTRO_0598>	"Includes individuals who either self-report or have been described by authors as Singaporean Indian."	
<http://purl.obolibrary.org/obo/AfPO_0000486>	"A Bantu Eastern population with a population size of 760000"	
<http://purl.obolibrary.org/obo/AfPO_0000533>	"A Western African population with a population size of 304000"	
<http://purl.obolibrary.org/obo/AfPO_0000427>	"The Urhobo are a Western African population with a population size of 2 million."	
<http://dbpedia.org/resource/Central_America>		"GAZ:00002891"
<http://purl.obolibrary.org/obo/AfPO_0000500>	"A Cushitic Eastern population with a population size of 2 million"	
<http://purl.obolibrary.org/obo/AfPO_0000384>	"A Cushitic Eastern population with a population size of 1 million"	
<http://purl.obolibrary.org/obo/AfPO_0000215>		
<http://dbpedia.org/resource/Ghana>		"GAZ:00000908"
<http://purl.obolibrary.org/obo/AfPO_0000579>	"A Bantu Eastern population with a population size of 1 million"	
<http://dbpedia.org/resource/Tajikistan>		"GAZ:00006912"
<http://purl.obolibrary.org/obo/HANCESTRO_0529>		
<http://purl.obolibrary.org/obo/HANCESTRO_0014>	"Includes individuals who either self-report or are described by authors as Hispanic, Latino, Latin American or one of the sub-populations from this region. This category includes individuals with known admixture of primarily European, African and Native American ancestries, though some may have also a degree of Asian (e.g. Peru). We also note that the levels of admixture vary depending on the country, with Caribbean countries carrying higher levels of African admixture when compared to South American countries, for example. This category also includes individuals who genetically cluster with reference populations from this region, for example 1000 Genomes and/or HapMap CLM, MXL, PEL and PUR populations"	
<http://purl.obolibrary.org/obo/HANCESTRO_0505>		
<http://dbpedia.org/resource/Philippines>		"GAZ:00004525"
<http://purl.obolibrary.org/obo/AfPO_0000335>	"People of the place of the buffalo"	
<http://purl.obolibrary.org/obo/AfPO_0000464>	"A Bantu Central population with a population size of 81500"	
<http://purl.obolibrary.org/obo/AfPO_0000396>	"A Semitic Eastern population with a population size of 10.3 millions"	
<http://purl.obolibrary.org/obo/AfPO_0000214>		
<http://purl.obolibrary.org/obo/AfPO_0000103>	"A Bantu Southern population with a population size of 6 millions"	
<http://purl.obolibrary.org/obo/AfPO_0000545>	"A Western African population with a population size of 104311"	
<http://dbpedia.org/resource/Sri_Lanka>		"GAZ:00003924"
<http://dbpedia.org/resource/Solomon_Islands>		"GAZ:00005275"
<http://purl.obolibrary.org/obo/AfPO_0000418>	"A Western African population with a population size of 0.9 millions"	
<http://dbpedia.org/resource/Norfolk_Island>		"GAZ:00005913"
<http://purl.obolibrary.org/obo/HANCESTRO_0506>		
<http://purl.obolibrary.org/obo/BFO_0000141>		
<http://dbpedia.org/resource/French_Polynesia>		"GAZ:00002918"
<http://dbpedia.org/resource/Paraguay>		"GAZ:00002933"
<http://dbpedia.org/resource/Slovakia>		"GAZ:00002956"
<http://purl.obolibrary.org/obo/AfPO_0000410>	"A Western African population with a population size of 0.05 million"	
<http://purl.obolibrary.org/obo/AfPO_0000213>		
<http://purl.obolibrary.org/obo/AfPO_0000237>		
<http://purl.obolibrary.org/obo/AfPO_0000074>	"A Mande Western population with a population size of 14 millions"	
<http://purl.obolibrary.org/obo/AfPO_0000277>	"People living in: Benin OR Burkina Faso OR Cabo Verde OR Cote d'Ivoire OR Equatorial Guinea OR Gambia OR Ghana OR Guinea OR Guinea-Bissau OR Liberia OR Mali OR Niger OR Nigeria OR Saint Helena OR Sao Tome and Principe OR Senegal OR Sierra Leone OR Togo"	
<http://purl.obolibrary.org/obo/AfPO_0000564>		
<http://purl.obolibrary.org/obo/AfPO_0000151>	"A Western African population with a population size of 3.3 millions"	
<http://purl.obolibrary.org/obo/HANCESTRO_0507>		
<http://purl.obolibrary.org/obo/AfPO_0000204>	"A Toubou population with a population size of Nilo-Saharan"	
<http://purl.obolibrary.org/obo/AfPO_0000199>	"The Kalenjin are a Nilotic Eastern population with a population size of 3 million."	
<http://purl.obolibrary.org/obo/AfPO_0000578>	"A Swahili population with a population size of 365,900"	
<http://purl.obolibrary.org/obo/AfPO_0000516>	"A Bemba population with a population size of 433000"	
<http://purl.obolibrary.org/obo/AfPO_0000369>		
<http://purl.obolibrary.org/obo/AfPO_0000338>	"The Lemba are a Bantu Southern population with a population size of 0.05 million"	
<http://purl.obolibrary.org/obo/HANCESTRO_0621>	"Individuals who self-identify or are reported by authors as belonging to an Arawakan ethnolinguistic group in Colombia and Venezuela"	
<http://purl.obolibrary.org/obo/HANCESTRO_0478>		
<http://purl.obolibrary.org/obo/HANCESTRO_0369>		
<http://purl.obolibrary.org/obo/HANCESTRO_0019>		
<http://purl.obolibrary.org/obo/HANCESTRO_0454>		
<http://purl.obolibrary.org/obo/HANCESTRO_0345>		
<http://purl.obolibrary.org/obo/HANCESTRO_0430>		
<http://purl.obolibrary.org/obo/HANCESTRO_0321>		
<http://purl.obolibrary.org/obo/HANCESTRO_0563>		
<http://purl.obolibrary.org/obo/AfPO_0000212>		
<http://dbpedia.org/resource/Malta>		"GAZ:00004017"
<http://purl.obolibrary.org/obo/AfPO_0000433>	"A Gurunsi population with a population size of 0.161 millions"	
<http://dbpedia.org/resource/Cocos_(Keeling)_Islands>		"GAZ:00009721"
<http://dbpedia.org/resource/Iran>		"GAZ:00004474"
<http://purl.obolibrary.org/obo/HANCESTRO_0588>		
<http://purl.obolibrary.org/obo/HANCESTRO_0479>		
<http://purl.obolibrary.org/obo/HANCESTRO_0346>		
<http://purl.obolibrary.org/obo/HANCESTRO_0564>		
<http://purl.obolibrary.org/obo/HANCESTRO_0322>		
<http://dbpedia.org/resource/Denmark>		"GAZ:00002635"
<http://purl.obolibrary.org/obo/HANCESTRO_0455>		
<http://purl.obolibrary.org/obo/HANCESTRO_0540>		
<http://purl.obolibrary.org/obo/HANCESTRO_0431>		
<http://purl.obolibrary.org/obo/AfPO_0000421>	"A Western African population with a population size of 6 millions"	
<http://dbpedia.org/resource/Gibraltar>		"GAZ:00003987"
<http://purl.obolibrary.org/obo/AfPO_0000102>		
<http://purl.obolibrary.org/obo/AfPO_0000577>	"A Swahili population with a population size of 45,000"	
<http://dbpedia.org/resource/Northern_Africa>		"GAZ:00000555"
<http://dbpedia.org/resource/Latvia>		"GAZ:00002958"
<http://purl.obolibrary.org/obo/AfPO_0000386>	"The Bilen are a Cushitic Eastern population with a population size of 0.2 million."	
<http://dbpedia.org/resource/Zimbabwe>		"GAZ:00001106"
<http://purl.obolibrary.org/obo/AfPO_0000258>		
<http://purl.obolibrary.org/obo/HANCESTRO_0008>	"Includes individuals that either self-report or have been described as Asian but there was not sufficient information to allow classification as East Asian, Central Asian, South Asian or South-East Asian."@en	
<http://purl.obolibrary.org/obo/HANCESTRO_0347>		
<http://purl.obolibrary.org/obo/HANCESTRO_0456>		
<http://purl.obolibrary.org/obo/HANCESTRO_0589>		
<http://purl.obolibrary.org/obo/HANCESTRO_0432>		
<http://purl.obolibrary.org/obo/HANCESTRO_0323>		
<http://purl.obolibrary.org/obo/AfPO_0000105>	"A Western African population with a population size of 45 millions"	
<http://purl.obolibrary.org/obo/HANCESTRO_0565>		
<http://purl.obolibrary.org/obo/HANCESTRO_0541>		
<http://purl.obolibrary.org/obo/AfPO_0000191>	"A Nubian Northern population with a population size of 0.050 million"	
<http://purl.obolibrary.org/obo/AfPO_0000428>	"The Wolof are a Western African population with a population size of 4 million."	
<http://dbpedia.org/resource/Namibia>		"GAZ:00001096"
<http://purl.obolibrary.org/obo/AfPO_0000463>	"A Bantu Central population with a population size of 215000"	
<http://dbpedia.org/resource/Niue>		"GAZ:00006902"
<http://dbpedia.org/resource/Saudi_Arabia>		"GAZ:00005279"
<http://purl.obolibrary.org/obo/HANCESTRO_0348>		
<http://purl.obolibrary.org/obo/AfPO_0000402>	"A Bantu Eastern population with a population size of >0.4 million"	
<http://purl.obolibrary.org/obo/AfPO_0000148>		
<http://purl.obolibrary.org/obo/HANCESTRO_0593>	"The Maasai are an indigenous African ethnic group of semi-nomadic people located in northern Tanzania and Kenya. (PMID:29868928) The Maasai ancestry group was assembled as part of phase III of the HapMap project and used as reference in a range of population genetic studies (PMID:28049708)."	
<http://purl.obolibrary.org/obo/AfPO_0000351>	"A Nguni population with a population size of 2.3 millions"	
<http://purl.obolibrary.org/obo/HANCESTRO_0457>		
<http://purl.obolibrary.org/obo/HANCESTRO_0324>		
<http://purl.obolibrary.org/obo/HANCESTRO_0542>		
<http://purl.obolibrary.org/obo/HANCESTRO_0433>		
<http://purl.obolibrary.org/obo/HANCESTRO_0349>		
<http://purl.obolibrary.org/obo/HANCESTRO_0458>		
<http://purl.obolibrary.org/obo/AfPO_0000555>	"A Mande Western population with a population size of 498000"	
<http://dbpedia.org/resource/Southern_Africa>		"GAZ:00000553"
<http://purl.obolibrary.org/obo/AfPO_0000426>	"A Gurma population with a population size of 8.6 millions"	
<http://dbpedia.org/resource/Barbados>		"GAZ:00001251"
<http://purl.obolibrary.org/obo/HANCESTRO_0434>		
<http://purl.obolibrary.org/obo/HANCESTRO_0567>		
<http://purl.obolibrary.org/obo/HANCESTRO_0410>		
<http://purl.obolibrary.org/obo/HANCESTRO_0543>		
<http://dbpedia.org/resource/Netherlands>		"GAZ:00001549"
<http://dbpedia.org/resource/Vietnam>		"GAZ:00003756"
<http://purl.obolibrary.org/obo/AfPO_0000123>		
<http://dbpedia.org/resource/Spain>		"GAZ:00000591"
<http://purl.obolibrary.org/obo/AfPO_0000190>	"'The Nubians are known as people of the Nile and are located between Egypt and northern Sudan.' taken from: Culture and Customs of Sudan. Written by De Kwame Essien, Toyin Falola Ph.D."	
<http://purl.obolibrary.org/obo/HANCESTRO_0568>		
<http://purl.obolibrary.org/obo/HANCESTRO_0459>		
<http://purl.obolibrary.org/obo/AfPO_0000443>	"A Pygmy Central, Western African population with a population size of 6.8 millions"	
<http://purl.obolibrary.org/obo/AfPO_0000327>	"A Southern African, Eastern African population with a population size of 2.5 millions"	
<http://purl.obolibrary.org/obo/AfPO_0000207>	"A Bantu Eastern population with a population size of 15.109 millions"	
<http://purl.obolibrary.org/obo/AfPO_0000075>	"A Kalenjin population with a population size of 0.3 million"	
<http://purl.obolibrary.org/obo/HANCESTRO_0544>		
<http://purl.obolibrary.org/obo/HANCESTRO_0435>		
<http://purl.obolibrary.org/obo/HANCESTRO_0618>	"Individuals who self-identify or are reported by authors as belonging to a group of the indigenous people of Mexico, El Salvador, Guatemala, Honduras, and Nicaragua"	
<http://purl.obolibrary.org/obo/HANCESTRO_0520>		
<http://purl.obolibrary.org/obo/HANCESTRO_0411>		
<http://purl.obolibrary.org/obo/HANCESTRO_0002>	"Any geographic area greater than an individual country but smaller than a continent, used as a convenience reference. Please note that most  geographic areas may not be formally defined and exact boundaries can be debatable."	
<http://purl.obolibrary.org/obo/AfPO_0000364>		
<http://purl.obolibrary.org/obo/AfPO_0000498>	"A Cushitic Eastern population with a population size of 20103"	
<http://dbpedia.org/resource/Caribbean>		
<http://dbpedia.org/resource/Guatemala>		"GAZ:00002936"
<http://purl.obolibrary.org/obo/AfPO_0000259>	"A Eastern African population with a population size of 0.18 million"	
<http://purl.obolibrary.org/obo/HANCESTRO_0436>		
<http://purl.obolibrary.org/obo/HANCESTRO_0569>		
<http://purl.obolibrary.org/obo/AfPO_0000432>	"The Mende are a Mande Western population with a population size of 2 million."	
<http://purl.obolibrary.org/obo/HANCESTRO_0616>	"Individuals who self-identify or are reported by authors as belonging to the Mazatecan ethnolinguistic group of indigenous peoples in the area known as the Sierra Mazateca, which is in the northern part of the state of Oaxaca in southern Mexico, as well as in adjacent areas of the states of Puebla and Veracruz"	
<http://dbpedia.org/resource/Samoa>		"GAZ:00006910"
<http://dbpedia.org/resource/Scandinavia>		
<http://purl.obolibrary.org/obo/AfPO_0000539>	"A Gurma population with a population size of 19700"	
<http://purl.obolibrary.org/obo/AfPO_0000491>	"A Mijikenda population with a population size of <25,000"	
<http://purl.obolibrary.org/obo/AfPO_0000462>	"A Bantu Central population with a population size of 74000"	
<http://dbpedia.org/resource/Haiti>		"GAZ:00003953"
<http://purl.obolibrary.org/obo/HANCESTRO_0412>		
<http://purl.obolibrary.org/obo/HANCESTRO_0545>		
<http://purl.obolibrary.org/obo/HANCESTRO_0521>		
<http://purl.obolibrary.org/obo/AfPO_0000472>		
<http://purl.obolibrary.org/obo/AfPO_0000363>		
<http://dbpedia.org/resource/Puerto_Rico>		"GAZ:00006935"
<http://purl.obolibrary.org/obo/AfPO_0000328>	"A Southern African population with a population size of 4.7 millions"	
<http://purl.obolibrary.org/obo/HANCESTRO_0328>		
<http://purl.obolibrary.org/obo/HANCESTRO_0546>		
<http://purl.obolibrary.org/obo/HANCESTRO_0437>		
<http://dbpedia.org/resource/Latin_America_and_the_Caribbean>		"GAZ:00000459"
<http://dbpedia.org/resource/Angola>		"GAZ:00001095"
<http://purl.obolibrary.org/obo/HANCESTRO_0522>		
<http://purl.obolibrary.org/obo/HANCESTRO_0413>		
<http://purl.obolibrary.org/obo/AfPO_0000495>		
<http://dbpedia.org/resource/Aruba>		"GAZ:00004025"
<http://dbpedia.org/resource/Uzbekistan>		"GAZ:00004979"
<http://dbpedia.org/resource/Western_Asia>		
<http://purl.obolibrary.org/obo/HANCESTRO_0438>		
<http://dbpedia.org/resource/Qatar>		"GAZ:00005286"
<http://purl.obolibrary.org/obo/HANCESTRO_0414>		
<http://purl.obolibrary.org/obo/HANCESTRO_0547>		
<http://dbpedia.org/resource/Northern_Mariana_Islands>		"GAZ:00003958"
