Level	Rule Name	Subject	Property	Value
WARN	missing_definition	http://dbpedia.org/resource/Afghanistan	IAO:0000115	
WARN	missing_definition	http://dbpedia.org/resource/Africa	IAO:0000115	
WARN	missing_definition	http://dbpedia.org/resource/Albania	IAO:0000115	
WARN	missing_definition	http://dbpedia.org/resource/Algeria	IAO:0000115	
WARN	missing_definition	http://dbpedia.org/resource/American_Samoa	IAO:0000115	
WARN	missing_definition	http://dbpedia.org/resource/Andorra	IAO:0000115	
WARN	missing_definition	http://dbpedia.org/resource/Angola	IAO:0000115	
WARN	missing_definition	http://dbpedia.org/resource/Anguilla	IAO:0000115	
WARN	missing_definition	http://dbpedia.org/resource/Antigua_and_Barbuda	IAO:0000115	
WARN	missing_definition	http://dbpedia.org/resource/Argentina	IAO:0000115	
WARN	missing_definition	http://dbpedia.org/resource/Armenia	IAO:0000115	
WARN	missing_definition	http://dbpedia.org/resource/Aruba	IAO:0000115	
WARN	missing_definition	http://dbpedia.org/resource/Asia	IAO:0000115	
WARN	missing_definition	http://dbpedia.org/resource/Australia	IAO:0000115	
WARN	missing_definition	http://dbpedia.org/resource/Austria	IAO:0000115	
WARN	missing_definition	http://dbpedia.org/resource/Azerbaijan	IAO:0000115	
WARN	missing_definition	http://dbpedia.org/resource/Bahrain	IAO:0000115	
WARN	missing_definition	http://dbpedia.org/resource/Bangladesh	IAO:0000115	
WARN	missing_definition	http://dbpedia.org/resource/Barbados	IAO:0000115	
WARN	missing_definition	http://dbpedia.org/resource/Belarus	IAO:0000115	
WARN	missing_definition	http://dbpedia.org/resource/Belgium	IAO:0000115	
WARN	missing_definition	http://dbpedia.org/resource/Belize	IAO:0000115	
WARN	missing_definition	http://dbpedia.org/resource/Benin	IAO:0000115	
WARN	missing_definition	http://dbpedia.org/resource/Bermuda	IAO:0000115	
WARN	missing_definition	http://dbpedia.org/resource/Bhutan	IAO:0000115	
WARN	missing_definition	http://dbpedia.org/resource/Bolivia	IAO:0000115	
WARN	missing_definition	http://dbpedia.org/resource/Bosnia_and_Herzegovina	IAO:0000115	
WARN	missing_definition	http://dbpedia.org/resource/Botswana	IAO:0000115	
WARN	missing_definition	http://dbpedia.org/resource/Brazil	IAO:0000115	
WARN	missing_definition	http://dbpedia.org/resource/British_Virgin_Islands	IAO:0000115	
WARN	missing_definition	http://dbpedia.org/resource/Brunei	IAO:0000115	
WARN	missing_definition	http://dbpedia.org/resource/Bulgaria	IAO:0000115	
WARN	missing_definition	http://dbpedia.org/resource/Burkina_Faso	IAO:0000115	
WARN	missing_definition	http://dbpedia.org/resource/Burundi	IAO:0000115	
WARN	missing_definition	http://dbpedia.org/resource/Cambodia	IAO:0000115	
WARN	missing_definition	http://dbpedia.org/resource/Cameroon	IAO:0000115	
WARN	missing_definition	http://dbpedia.org/resource/Canada	IAO:0000115	
WARN	missing_definition	http://dbpedia.org/resource/Cape_Verde	IAO:0000115	
WARN	missing_definition	http://dbpedia.org/resource/Caribbean	IAO:0000115	
WARN	missing_definition	http://dbpedia.org/resource/Cayman_Islands	IAO:0000115	
WARN	missing_definition	http://dbpedia.org/resource/Central_Africa	IAO:0000115	
WARN	missing_definition	http://dbpedia.org/resource/Central_African_Republic	IAO:0000115	
WARN	missing_definition	http://dbpedia.org/resource/Central_America	IAO:0000115	
WARN	missing_definition	http://dbpedia.org/resource/Chad	IAO:0000115	
WARN	missing_definition	http://dbpedia.org/resource/Channel_Islands	IAO:0000115	
WARN	missing_definition	http://dbpedia.org/resource/Chile	IAO:0000115	
WARN	missing_definition	http://dbpedia.org/resource/China	IAO:0000115	
WARN	missing_definition	http://dbpedia.org/resource/Christmas_Island	IAO:0000115	
WARN	missing_definition	http://dbpedia.org/resource/Cocos_(Keeling)_Islands	IAO:0000115	
WARN	missing_definition	http://dbpedia.org/resource/Colombia	IAO:0000115	
WARN	missing_definition	http://dbpedia.org/resource/Comoros	IAO:0000115	
WARN	missing_definition	http://dbpedia.org/resource/Cook_Islands	IAO:0000115	
WARN	missing_definition	http://dbpedia.org/resource/Costa_Rica	IAO:0000115	
WARN	missing_definition	http://dbpedia.org/resource/Croatia	IAO:0000115	
WARN	missing_definition	http://dbpedia.org/resource/Cuba	IAO:0000115	
WARN	missing_definition	http://dbpedia.org/resource/Curacao	IAO:0000115	
WARN	missing_definition	http://dbpedia.org/resource/Cyprus	IAO:0000115	
WARN	missing_definition	http://dbpedia.org/resource/Czech_Republic	IAO:0000115	
WARN	missing_definition	http://dbpedia.org/resource/Democratic_Republic_of_the_Congo	IAO:0000115	
WARN	missing_definition	http://dbpedia.org/resource/Denmark	IAO:0000115	
WARN	missing_definition	http://dbpedia.org/resource/Djibouti	IAO:0000115	
WARN	missing_definition	http://dbpedia.org/resource/Dominica	IAO:0000115	
WARN	missing_definition	http://dbpedia.org/resource/Dominican_Republic	IAO:0000115	
WARN	missing_definition	http://dbpedia.org/resource/East_Timor	IAO:0000115	
WARN	missing_definition	http://dbpedia.org/resource/Eastern_Africa	IAO:0000115	
WARN	missing_definition	http://dbpedia.org/resource/Eastern_Asia	IAO:0000115	
WARN	missing_definition	http://dbpedia.org/resource/Eastern_Europe	IAO:0000115	
WARN	missing_definition	http://dbpedia.org/resource/Ecuador	IAO:0000115	
WARN	missing_definition	http://dbpedia.org/resource/Egypt	IAO:0000115	
WARN	missing_definition	http://dbpedia.org/resource/El_Salvador	IAO:0000115	
WARN	missing_definition	http://dbpedia.org/resource/Equatorial_Guinea	IAO:0000115	
WARN	missing_definition	http://dbpedia.org/resource/Eritrea	IAO:0000115	
WARN	missing_definition	http://dbpedia.org/resource/Estonia	IAO:0000115	
WARN	missing_definition	http://dbpedia.org/resource/Eswatini	IAO:0000115	
WARN	missing_definition	http://dbpedia.org/resource/Ethiopia	IAO:0000115	
WARN	missing_definition	http://dbpedia.org/resource/Europe	IAO:0000115	
WARN	missing_definition	http://dbpedia.org/resource/Faeroe_Islands	IAO:0000115	
WARN	missing_definition	http://dbpedia.org/resource/Falkland_Islands	IAO:0000115	
WARN	missing_definition	http://dbpedia.org/resource/Federated_States_of_Micronesia	IAO:0000115	
WARN	missing_definition	http://dbpedia.org/resource/Fiji	IAO:0000115	
WARN	missing_definition	http://dbpedia.org/resource/Finland	IAO:0000115	
WARN	missing_definition	http://dbpedia.org/resource/France	IAO:0000115	
WARN	missing_definition	http://dbpedia.org/resource/French_Guiana	IAO:0000115	
WARN	missing_definition	http://dbpedia.org/resource/French_Polynesia	IAO:0000115	
WARN	missing_definition	http://dbpedia.org/resource/Gabon	IAO:0000115	
WARN	missing_definition	http://dbpedia.org/resource/Georgia_(country)	IAO:0000115	
WARN	missing_definition	http://dbpedia.org/resource/Germany	IAO:0000115	
WARN	missing_definition	http://dbpedia.org/resource/Ghana	IAO:0000115	
WARN	missing_definition	http://dbpedia.org/resource/Gibraltar	IAO:0000115	
WARN	missing_definition	http://dbpedia.org/resource/Greece	IAO:0000115	
WARN	missing_definition	http://dbpedia.org/resource/Greenland	IAO:0000115	
WARN	missing_definition	http://dbpedia.org/resource/Grenada	IAO:0000115	
WARN	missing_definition	http://dbpedia.org/resource/Guadeloupe	IAO:0000115	
WARN	missing_definition	http://dbpedia.org/resource/Guam	IAO:0000115	
WARN	missing_definition	http://dbpedia.org/resource/Guatemala	IAO:0000115	
WARN	missing_definition	http://dbpedia.org/resource/Guinea	IAO:0000115	
WARN	missing_definition	http://dbpedia.org/resource/Guinea_Bissau	IAO:0000115	
WARN	missing_definition	http://dbpedia.org/resource/Guyana	IAO:0000115	
WARN	missing_definition	http://dbpedia.org/resource/Haiti	IAO:0000115	
WARN	missing_definition	http://dbpedia.org/resource/Holy_See	IAO:0000115	
WARN	missing_definition	http://dbpedia.org/resource/Honduras	IAO:0000115	
WARN	missing_definition	http://dbpedia.org/resource/Hong_Kong	IAO:0000115	
WARN	missing_definition	http://dbpedia.org/resource/Hungary	IAO:0000115	
WARN	missing_definition	http://dbpedia.org/resource/Iceland	IAO:0000115	
WARN	missing_definition	http://dbpedia.org/resource/India	IAO:0000115	
WARN	missing_definition	http://dbpedia.org/resource/Indonesia	IAO:0000115	
WARN	missing_definition	http://dbpedia.org/resource/Iran	IAO:0000115	
WARN	missing_definition	http://dbpedia.org/resource/Iraq	IAO:0000115	
WARN	missing_definition	http://dbpedia.org/resource/Isle_of_Man	IAO:0000115	
WARN	missing_definition	http://dbpedia.org/resource/Israel	IAO:0000115	
WARN	missing_definition	http://dbpedia.org/resource/Italy	IAO:0000115	
WARN	missing_definition	http://dbpedia.org/resource/Ivory_Coast	IAO:0000115	
WARN	missing_definition	http://dbpedia.org/resource/Jamaica	IAO:0000115	
WARN	missing_definition	http://dbpedia.org/resource/Japan	IAO:0000115	
WARN	missing_definition	http://dbpedia.org/resource/Jordan	IAO:0000115	
WARN	missing_definition	http://dbpedia.org/resource/Kazakhstan	IAO:0000115	
WARN	missing_definition	http://dbpedia.org/resource/Kenya	IAO:0000115	
WARN	missing_definition	http://dbpedia.org/resource/Kiribati	IAO:0000115	
WARN	missing_definition	http://dbpedia.org/resource/Kosovo	IAO:0000115	
WARN	missing_definition	http://dbpedia.org/resource/Kuwait	IAO:0000115	
WARN	missing_definition	http://dbpedia.org/resource/Kyrgyzstan	IAO:0000115	
WARN	missing_definition	http://dbpedia.org/resource/Laos	IAO:0000115	
WARN	missing_definition	http://dbpedia.org/resource/Latin_America_and_the_Caribbean	IAO:0000115	
WARN	missing_definition	http://dbpedia.org/resource/Latvia	IAO:0000115	
WARN	missing_definition	http://dbpedia.org/resource/Lebanon	IAO:0000115	
WARN	missing_definition	http://dbpedia.org/resource/Lesotho	IAO:0000115	
WARN	missing_definition	http://dbpedia.org/resource/Liberia	IAO:0000115	
WARN	missing_definition	http://dbpedia.org/resource/Libya	IAO:0000115	
WARN	missing_definition	http://dbpedia.org/resource/Liechtenstein	IAO:0000115	
WARN	missing_definition	http://dbpedia.org/resource/Lithuania	IAO:0000115	
WARN	missing_definition	http://dbpedia.org/resource/Luxembourg	IAO:0000115	
WARN	missing_definition	http://dbpedia.org/resource/Macau	IAO:0000115	
WARN	missing_definition	http://dbpedia.org/resource/Madagascar	IAO:0000115	
WARN	missing_definition	http://dbpedia.org/resource/Malawi	IAO:0000115	
WARN	missing_definition	http://dbpedia.org/resource/Malaysia	IAO:0000115	
WARN	missing_definition	http://dbpedia.org/resource/Maldives	IAO:0000115	
WARN	missing_definition	http://dbpedia.org/resource/Mali	IAO:0000115	
WARN	missing_definition	http://dbpedia.org/resource/Malta	IAO:0000115	
WARN	missing_definition	http://dbpedia.org/resource/Marshall_Islands	IAO:0000115	
WARN	missing_definition	http://dbpedia.org/resource/Martinique	IAO:0000115	
WARN	missing_definition	http://dbpedia.org/resource/Mauretania	IAO:0000115	
WARN	missing_definition	http://dbpedia.org/resource/Mauritius	IAO:0000115	
WARN	missing_definition	http://dbpedia.org/resource/Mayotte	IAO:0000115	
WARN	missing_definition	http://dbpedia.org/resource/Melanesia	IAO:0000115	
WARN	missing_definition	http://dbpedia.org/resource/Mexico	IAO:0000115	
WARN	missing_definition	http://dbpedia.org/resource/Micronesia	IAO:0000115	
WARN	missing_definition	http://dbpedia.org/resource/Moldova	IAO:0000115	
WARN	missing_definition	http://dbpedia.org/resource/Monaco	IAO:0000115	
WARN	missing_definition	http://dbpedia.org/resource/Mongolia	IAO:0000115	
WARN	missing_definition	http://dbpedia.org/resource/Montenegro	IAO:0000115	
WARN	missing_definition	http://dbpedia.org/resource/Montserrat	IAO:0000115	
WARN	missing_definition	http://dbpedia.org/resource/Morocco	IAO:0000115	
WARN	missing_definition	http://dbpedia.org/resource/Mozambique	IAO:0000115	
WARN	missing_definition	http://dbpedia.org/resource/Myanmar	IAO:0000115	
WARN	missing_definition	http://dbpedia.org/resource/Namibia	IAO:0000115	
WARN	missing_definition	http://dbpedia.org/resource/Nauru	IAO:0000115	
WARN	missing_definition	http://dbpedia.org/resource/Nepal	IAO:0000115	
WARN	missing_definition	http://dbpedia.org/resource/Netherlands	IAO:0000115	
WARN	missing_definition	http://dbpedia.org/resource/Netherlands_Antilles	IAO:0000115	
WARN	missing_definition	http://dbpedia.org/resource/New_Caledonia	IAO:0000115	
WARN	missing_definition	http://dbpedia.org/resource/New_Zealand	IAO:0000115	
WARN	missing_definition	http://dbpedia.org/resource/Nicaragua	IAO:0000115	
WARN	missing_definition	http://dbpedia.org/resource/Niger	IAO:0000115	
WARN	missing_definition	http://dbpedia.org/resource/Nigeria	IAO:0000115	
WARN	missing_definition	http://dbpedia.org/resource/Niue	IAO:0000115	
WARN	missing_definition	http://dbpedia.org/resource/Norfolk_Island	IAO:0000115	
WARN	missing_definition	http://dbpedia.org/resource/North_Korea	IAO:0000115	
WARN	missing_definition	http://dbpedia.org/resource/Northern_Africa	IAO:0000115	
WARN	missing_definition	http://dbpedia.org/resource/Northern_America	IAO:0000115	
WARN	missing_definition	http://dbpedia.org/resource/Northern_Europe	IAO:0000115	
WARN	missing_definition	http://dbpedia.org/resource/Northern_Mariana_Islands	IAO:0000115	
WARN	missing_definition	http://dbpedia.org/resource/Norway	IAO:0000115	
WARN	missing_definition	http://dbpedia.org/resource/Oceania	IAO:0000115	
WARN	missing_definition	http://dbpedia.org/resource/Oman	IAO:0000115	
WARN	missing_definition	http://dbpedia.org/resource/Pakistan	IAO:0000115	
WARN	missing_definition	http://dbpedia.org/resource/Palau	IAO:0000115	
WARN	missing_definition	http://dbpedia.org/resource/Palestinian_territories	IAO:0000115	
WARN	missing_definition	http://dbpedia.org/resource/Panama	IAO:0000115	
WARN	missing_definition	http://dbpedia.org/resource/Papua_New_Guinea	IAO:0000115	
WARN	missing_definition	http://dbpedia.org/resource/Paraguay	IAO:0000115	
WARN	missing_definition	http://dbpedia.org/resource/Peru	IAO:0000115	
WARN	missing_definition	http://dbpedia.org/resource/Philippines	IAO:0000115	
WARN	missing_definition	http://dbpedia.org/resource/Pitcairn_Islands	IAO:0000115	
WARN	missing_definition	http://dbpedia.org/resource/Poland	IAO:0000115	
WARN	missing_definition	http://dbpedia.org/resource/Polynesia	IAO:0000115	
WARN	missing_definition	http://dbpedia.org/resource/Portugal	IAO:0000115	
WARN	missing_definition	http://dbpedia.org/resource/Puerto_Rico	IAO:0000115	
WARN	missing_definition	http://dbpedia.org/resource/Qatar	IAO:0000115	
WARN	missing_definition	http://dbpedia.org/resource/Republic_of_Ireland	IAO:0000115	
WARN	missing_definition	http://dbpedia.org/resource/Republic_of_Macedonia	IAO:0000115	
WARN	missing_definition	http://dbpedia.org/resource/Republic_of_the_Congo	IAO:0000115	
WARN	missing_definition	http://dbpedia.org/resource/Romania	IAO:0000115	
WARN	missing_definition	http://dbpedia.org/resource/Russia	IAO:0000115	
WARN	missing_definition	http://dbpedia.org/resource/Rwanda	IAO:0000115	
WARN	missing_definition	http://dbpedia.org/resource/Réunion	IAO:0000115	
WARN	missing_definition	http://dbpedia.org/resource/Saint_Helena	IAO:0000115	
WARN	missing_definition	http://dbpedia.org/resource/Saint_Kitts_and_Nevis	IAO:0000115	
WARN	missing_definition	http://dbpedia.org/resource/Saint_Lucia	IAO:0000115	
WARN	missing_definition	http://dbpedia.org/resource/Saint_Martin	IAO:0000115	
WARN	missing_definition	http://dbpedia.org/resource/Saint_Pierre_and_Miquelon	IAO:0000115	
WARN	missing_definition	http://dbpedia.org/resource/Saint_Vincent_and_the_Grenadines	IAO:0000115	
WARN	missing_definition	http://dbpedia.org/resource/Samoa	IAO:0000115	
WARN	missing_definition	http://dbpedia.org/resource/San_Marino	IAO:0000115	
WARN	missing_definition	http://dbpedia.org/resource/Saudi_Arabia	IAO:0000115	
WARN	missing_definition	http://dbpedia.org/resource/Scandinavia	IAO:0000115	
WARN	missing_definition	http://dbpedia.org/resource/Scotland	IAO:0000115	
WARN	missing_definition	http://dbpedia.org/resource/Senegal	IAO:0000115	
WARN	missing_definition	http://dbpedia.org/resource/Serbia	IAO:0000115	
WARN	missing_definition	http://dbpedia.org/resource/Seychelles	IAO:0000115	
WARN	missing_definition	http://dbpedia.org/resource/Sierra_Leone	IAO:0000115	
WARN	missing_definition	http://dbpedia.org/resource/Singapore	IAO:0000115	
WARN	missing_definition	http://dbpedia.org/resource/Sint_Maarten	IAO:0000115	
WARN	missing_definition	http://dbpedia.org/resource/Slovakia	IAO:0000115	
WARN	missing_definition	http://dbpedia.org/resource/Slovenia	IAO:0000115	
WARN	missing_definition	http://dbpedia.org/resource/Solomon_Islands	IAO:0000115	
WARN	missing_definition	http://dbpedia.org/resource/Somalia	IAO:0000115	
WARN	missing_definition	http://dbpedia.org/resource/South-Eastern_Asia	IAO:0000115	
WARN	missing_definition	http://dbpedia.org/resource/South-central_Asia	IAO:0000115	
WARN	missing_definition	http://dbpedia.org/resource/SouthAmerica	IAO:0000115	
WARN	missing_definition	http://dbpedia.org/resource/South_Africa	IAO:0000115	
WARN	missing_definition	http://dbpedia.org/resource/South_Asia	IAO:0000115	
WARN	missing_definition	http://dbpedia.org/resource/South_Korea	IAO:0000115	
WARN	missing_definition	http://dbpedia.org/resource/South_Sudan	IAO:0000115	
WARN	missing_definition	http://dbpedia.org/resource/Southern_Africa	IAO:0000115	
WARN	missing_definition	http://dbpedia.org/resource/Southern_Europe	IAO:0000115	
WARN	missing_definition	http://dbpedia.org/resource/Spain	IAO:0000115	
WARN	missing_definition	http://dbpedia.org/resource/Sri_Lanka	IAO:0000115	
WARN	missing_definition	http://dbpedia.org/resource/Sudan	IAO:0000115	
WARN	missing_definition	http://dbpedia.org/resource/Suriname	IAO:0000115	
WARN	missing_definition	http://dbpedia.org/resource/Sweden	IAO:0000115	
WARN	missing_definition	http://dbpedia.org/resource/Switzerland	IAO:0000115	
WARN	missing_definition	http://dbpedia.org/resource/Syria	IAO:0000115	
WARN	missing_definition	http://dbpedia.org/resource/São_Tomé_and_Príncipe	IAO:0000115	
WARN	missing_definition	http://dbpedia.org/resource/Taiwan	IAO:0000115	
WARN	missing_definition	http://dbpedia.org/resource/Tajikistan	IAO:0000115	
WARN	missing_definition	http://dbpedia.org/resource/Tanzania	IAO:0000115	
WARN	missing_definition	http://dbpedia.org/resource/Thailand	IAO:0000115	
WARN	missing_definition	http://dbpedia.org/resource/The_Bahamas	IAO:0000115	
WARN	missing_definition	http://dbpedia.org/resource/The_Gambia	IAO:0000115	
WARN	missing_definition	http://dbpedia.org/resource/Togo	IAO:0000115	
WARN	missing_definition	http://dbpedia.org/resource/Tokelau	IAO:0000115	
WARN	missing_definition	http://dbpedia.org/resource/Tonga	IAO:0000115	
WARN	missing_definition	http://dbpedia.org/resource/Trinidad_and_Tobago	IAO:0000115	
WARN	missing_definition	http://dbpedia.org/resource/Tunisia	IAO:0000115	
WARN	missing_definition	http://dbpedia.org/resource/Turkey	IAO:0000115	
WARN	missing_definition	http://dbpedia.org/resource/Turkmenistan	IAO:0000115	
WARN	missing_definition	http://dbpedia.org/resource/Turks_and_Caicos_Islands	IAO:0000115	
WARN	missing_definition	http://dbpedia.org/resource/Tuvalu	IAO:0000115	
WARN	missing_definition	http://dbpedia.org/resource/Uganda	IAO:0000115	
WARN	missing_definition	http://dbpedia.org/resource/Ukraine	IAO:0000115	
WARN	missing_definition	http://dbpedia.org/resource/United_Arab_Emirates	IAO:0000115	
WARN	missing_definition	http://dbpedia.org/resource/United_Kingdom	IAO:0000115	
WARN	missing_definition	http://dbpedia.org/resource/United_States	IAO:0000115	
WARN	missing_definition	http://dbpedia.org/resource/United_States_Virgin_Islands	IAO:0000115	
WARN	missing_definition	http://dbpedia.org/resource/Uruguay	IAO:0000115	
WARN	missing_definition	http://dbpedia.org/resource/Uzbekistan	IAO:0000115	
WARN	missing_definition	http://dbpedia.org/resource/Vanuatu	IAO:0000115	
WARN	missing_definition	http://dbpedia.org/resource/Venezuela	IAO:0000115	
WARN	missing_definition	http://dbpedia.org/resource/Vietnam	IAO:0000115	
WARN	missing_definition	http://dbpedia.org/resource/Wallis_and_Futuna	IAO:0000115	
WARN	missing_definition	http://dbpedia.org/resource/Western_Africa	IAO:0000115	
WARN	missing_definition	http://dbpedia.org/resource/Western_Asia	IAO:0000115	
WARN	missing_definition	http://dbpedia.org/resource/Western_Europe	IAO:0000115	
WARN	missing_definition	http://dbpedia.org/resource/Western_Sahara	IAO:0000115	
WARN	missing_definition	http://dbpedia.org/resource/Yemen	IAO:0000115	
WARN	missing_definition	http://dbpedia.org/resource/Zambia	IAO:0000115	
WARN	missing_definition	http://dbpedia.org/resource/Zimbabwe	IAO:0000115	
WARN	missing_definition	AfPO:0000056	IAO:0000115	
WARN	missing_definition	AfPO:0000057	IAO:0000115	
WARN	missing_definition	AfPO:0000058	IAO:0000115	
WARN	missing_definition	AfPO:0000060	IAO:0000115	
WARN	missing_definition	AfPO:0000064	IAO:0000115	
WARN	missing_definition	AfPO:0000066	IAO:0000115	
WARN	missing_definition	AfPO:0000067	IAO:0000115	
WARN	missing_definition	AfPO:0000069	IAO:0000115	
WARN	missing_definition	AfPO:0000071	IAO:0000115	
WARN	missing_definition	AfPO:0000074	IAO:0000115	
WARN	missing_definition	AfPO:0000075	IAO:0000115	
WARN	missing_definition	AfPO:0000080	IAO:0000115	
WARN	missing_definition	AfPO:0000084	IAO:0000115	
WARN	missing_definition	AfPO:0000085	IAO:0000115	
WARN	missing_definition	AfPO:0000087	IAO:0000115	
WARN	missing_definition	AfPO:0000088	IAO:0000115	
WARN	missing_definition	AfPO:0000091	IAO:0000115	
WARN	missing_definition	AfPO:0000095	IAO:0000115	
WARN	missing_definition	AfPO:0000098	IAO:0000115	
WARN	missing_definition	AfPO:0000102	IAO:0000115	
WARN	missing_definition	AfPO:0000103	IAO:0000115	
WARN	missing_definition	AfPO:0000104	IAO:0000115	
WARN	missing_definition	AfPO:0000105	IAO:0000115	
WARN	missing_definition	AfPO:0000107	IAO:0000115	
WARN	missing_definition	AfPO:0000109	IAO:0000115	
WARN	missing_definition	AfPO:0000112	IAO:0000115	
WARN	missing_definition	AfPO:0000113	IAO:0000115	
WARN	missing_definition	AfPO:0000115	IAO:0000115	
WARN	missing_definition	AfPO:0000116	IAO:0000115	
WARN	missing_definition	AfPO:0000121	IAO:0000115	
WARN	missing_definition	AfPO:0000123	IAO:0000115	
WARN	missing_definition	AfPO:0000125	IAO:0000115	
WARN	missing_definition	AfPO:0000126	IAO:0000115	
WARN	missing_definition	AfPO:0000127	IAO:0000115	
WARN	missing_definition	AfPO:0000128	IAO:0000115	
WARN	missing_definition	AfPO:0000131	IAO:0000115	
WARN	missing_definition	AfPO:0000132	IAO:0000115	
WARN	missing_definition	AfPO:0000134	IAO:0000115	
WARN	missing_definition	AfPO:0000135	IAO:0000115	
WARN	missing_definition	AfPO:0000136	IAO:0000115	
WARN	missing_definition	AfPO:0000139	IAO:0000115	
WARN	missing_definition	AfPO:0000140	IAO:0000115	
WARN	missing_definition	AfPO:0000141	IAO:0000115	
WARN	missing_definition	AfPO:0000142	IAO:0000115	
WARN	missing_definition	AfPO:0000145	IAO:0000115	
WARN	missing_definition	AfPO:0000147	IAO:0000115	
WARN	missing_definition	AfPO:0000148	IAO:0000115	
WARN	missing_definition	AfPO:0000149	IAO:0000115	
WARN	missing_definition	AfPO:0000150	IAO:0000115	
WARN	missing_definition	AfPO:0000151	IAO:0000115	
WARN	missing_definition	AfPO:0000153	IAO:0000115	
WARN	missing_definition	AfPO:0000161	IAO:0000115	
WARN	missing_definition	AfPO:0000168	IAO:0000115	
WARN	missing_definition	AfPO:0000170	IAO:0000115	
WARN	missing_definition	AfPO:0000171	IAO:0000115	
WARN	missing_definition	AfPO:0000179	IAO:0000115	
WARN	missing_definition	AfPO:0000180	IAO:0000115	
WARN	missing_definition	AfPO:0000183	IAO:0000115	
WARN	missing_definition	AfPO:0000184	IAO:0000115	
WARN	missing_definition	AfPO:0000185	IAO:0000115	
WARN	missing_definition	AfPO:0000186	IAO:0000115	
WARN	missing_definition	AfPO:0000187	IAO:0000115	
WARN	missing_definition	AfPO:0000189	IAO:0000115	
WARN	missing_definition	AfPO:0000190	IAO:0000115	
WARN	missing_definition	AfPO:0000191	IAO:0000115	
WARN	missing_definition	AfPO:0000194	IAO:0000115	
WARN	missing_definition	AfPO:0000195	IAO:0000115	
WARN	missing_definition	AfPO:0000198	IAO:0000115	
WARN	missing_definition	AfPO:0000199	IAO:0000115	
WARN	missing_definition	AfPO:0000200	IAO:0000115	
WARN	missing_definition	AfPO:0000201	IAO:0000115	
WARN	missing_definition	AfPO:0000203	IAO:0000115	
WARN	missing_definition	AfPO:0000204	IAO:0000115	
WARN	missing_definition	AfPO:0000205	IAO:0000115	
WARN	missing_definition	AfPO:0000206	IAO:0000115	
WARN	missing_definition	AfPO:0000207	IAO:0000115	
WARN	missing_definition	AfPO:0000209	IAO:0000115	
WARN	missing_definition	AfPO:0000211	IAO:0000115	
WARN	missing_definition	AfPO:0000212	IAO:0000115	
WARN	missing_definition	AfPO:0000213	IAO:0000115	
WARN	missing_definition	AfPO:0000214	IAO:0000115	
WARN	missing_definition	AfPO:0000215	IAO:0000115	
WARN	missing_definition	AfPO:0000216	IAO:0000115	
WARN	missing_definition	AfPO:0000220	IAO:0000115	
WARN	missing_definition	AfPO:0000224	IAO:0000115	
WARN	missing_definition	AfPO:0000225	IAO:0000115	
WARN	missing_definition	AfPO:0000227	IAO:0000115	
WARN	missing_definition	AfPO:0000228	IAO:0000115	
WARN	missing_definition	AfPO:0000229	IAO:0000115	
WARN	missing_definition	AfPO:0000231	IAO:0000115	
WARN	missing_definition	AfPO:0000236	IAO:0000115	
WARN	missing_definition	AfPO:0000237	IAO:0000115	
WARN	missing_definition	AfPO:0000238	IAO:0000115	
WARN	missing_definition	AfPO:0000239	IAO:0000115	
WARN	missing_definition	AfPO:0000240	IAO:0000115	
WARN	missing_definition	AfPO:0000241	IAO:0000115	
WARN	missing_definition	AfPO:0000242	IAO:0000115	
WARN	missing_definition	AfPO:0000243	IAO:0000115	
WARN	missing_definition	AfPO:0000244	IAO:0000115	
WARN	missing_definition	AfPO:0000245	IAO:0000115	
WARN	missing_definition	AfPO:0000247	IAO:0000115	
WARN	missing_definition	AfPO:0000248	IAO:0000115	
WARN	missing_definition	AfPO:0000249	IAO:0000115	
WARN	missing_definition	AfPO:0000250	IAO:0000115	
WARN	missing_definition	AfPO:0000251	IAO:0000115	
WARN	missing_definition	AfPO:0000252	IAO:0000115	
WARN	missing_definition	AfPO:0000253	IAO:0000115	
WARN	missing_definition	AfPO:0000254	IAO:0000115	
WARN	missing_definition	AfPO:0000255	IAO:0000115	
WARN	missing_definition	AfPO:0000256	IAO:0000115	
WARN	missing_definition	AfPO:0000257	IAO:0000115	
WARN	missing_definition	AfPO:0000258	IAO:0000115	
WARN	missing_definition	AfPO:0000259	IAO:0000115	
WARN	missing_definition	AfPO:0000260	IAO:0000115	
WARN	missing_definition	AfPO:0000261	IAO:0000115	
WARN	missing_definition	AfPO:0000262	IAO:0000115	
WARN	missing_definition	AfPO:0000263	IAO:0000115	
WARN	missing_definition	AfPO:0000264	IAO:0000115	
WARN	missing_definition	AfPO:0000265	IAO:0000115	
WARN	missing_definition	AfPO:0000266	IAO:0000115	
WARN	missing_definition	AfPO:0000268	IAO:0000115	
WARN	missing_definition	AfPO:0000269	IAO:0000115	
WARN	missing_definition	AfPO:0000270	IAO:0000115	
WARN	missing_definition	AfPO:0000271	IAO:0000115	
WARN	missing_definition	AfPO:0000273	IAO:0000115	
WARN	missing_definition	AfPO:0000278	IAO:0000115	
WARN	missing_definition	AfPO:0000279	IAO:0000115	
WARN	missing_definition	AfPO:0000280	IAO:0000115	
WARN	missing_definition	AfPO:0000281	IAO:0000115	
WARN	missing_definition	AfPO:0000282	IAO:0000115	
WARN	missing_definition	AfPO:0000283	IAO:0000115	
WARN	missing_definition	AfPO:0000284	IAO:0000115	
WARN	missing_definition	AfPO:0000285	IAO:0000115	
WARN	missing_definition	AfPO:0000286	IAO:0000115	
WARN	missing_definition	AfPO:0000287	IAO:0000115	
WARN	missing_definition	AfPO:0000288	IAO:0000115	
WARN	missing_definition	AfPO:0000289	IAO:0000115	
WARN	missing_definition	AfPO:0000290	IAO:0000115	
WARN	missing_definition	AfPO:0000291	IAO:0000115	
WARN	missing_definition	AfPO:0000292	IAO:0000115	
WARN	missing_definition	AfPO:0000293	IAO:0000115	
WARN	missing_definition	AfPO:0000294	IAO:0000115	
WARN	missing_definition	AfPO:0000295	IAO:0000115	
WARN	missing_definition	AfPO:0000296	IAO:0000115	
WARN	missing_definition	AfPO:0000297	IAO:0000115	
WARN	missing_definition	AfPO:0000298	IAO:0000115	
WARN	missing_definition	AfPO:0000299	IAO:0000115	
WARN	missing_definition	AfPO:0000300	IAO:0000115	
WARN	missing_definition	AfPO:0000301	IAO:0000115	
WARN	missing_definition	AfPO:0000302	IAO:0000115	
WARN	missing_definition	AfPO:0000303	IAO:0000115	
WARN	missing_definition	AfPO:0000304	IAO:0000115	
WARN	missing_definition	AfPO:0000305	IAO:0000115	
WARN	missing_definition	AfPO:0000306	IAO:0000115	
WARN	missing_definition	AfPO:0000307	IAO:0000115	
WARN	missing_definition	AfPO:0000325	IAO:0000115	
WARN	missing_definition	AfPO:0000326	IAO:0000115	
WARN	missing_definition	AfPO:0000327	IAO:0000115	
WARN	missing_definition	AfPO:0000328	IAO:0000115	
WARN	missing_definition	AfPO:0000329	IAO:0000115	
WARN	missing_definition	AfPO:0000330	IAO:0000115	
WARN	missing_definition	AfPO:0000331	IAO:0000115	
WARN	missing_definition	AfPO:0000332	IAO:0000115	
WARN	missing_definition	AfPO:0000333	IAO:0000115	
WARN	missing_definition	AfPO:0000334	IAO:0000115	
WARN	missing_definition	AfPO:0000335	IAO:0000115	
WARN	missing_definition	AfPO:0000336	IAO:0000115	
WARN	missing_definition	AfPO:0000337	IAO:0000115	
WARN	missing_definition	AfPO:0000338	IAO:0000115	
WARN	missing_definition	AfPO:0000339	IAO:0000115	
WARN	missing_definition	AfPO:0000340	IAO:0000115	
WARN	missing_definition	AfPO:0000341	IAO:0000115	
WARN	missing_definition	AfPO:0000342	IAO:0000115	
WARN	missing_definition	AfPO:0000343	IAO:0000115	
WARN	missing_definition	AfPO:0000344	IAO:0000115	
WARN	missing_definition	AfPO:0000345	IAO:0000115	
WARN	missing_definition	AfPO:0000346	IAO:0000115	
WARN	missing_definition	AfPO:0000347	IAO:0000115	
WARN	missing_definition	AfPO:0000348	IAO:0000115	
WARN	missing_definition	AfPO:0000349	IAO:0000115	
WARN	missing_definition	AfPO:0000350	IAO:0000115	
WARN	missing_definition	AfPO:0000351	IAO:0000115	
WARN	missing_definition	AfPO:0000352	IAO:0000115	
WARN	missing_definition	AfPO:0000353	IAO:0000115	
WARN	missing_definition	AfPO:0000354	IAO:0000115	
WARN	missing_definition	AfPO:0000355	IAO:0000115	
WARN	missing_definition	AfPO:0000356	IAO:0000115	
WARN	missing_definition	AfPO:0000357	IAO:0000115	
WARN	missing_definition	AfPO:0000358	IAO:0000115	
WARN	missing_definition	AfPO:0000359	IAO:0000115	
WARN	missing_definition	AfPO:0000360	IAO:0000115	
WARN	missing_definition	AfPO:0000361	IAO:0000115	
WARN	missing_definition	AfPO:0000362	IAO:0000115	
WARN	missing_definition	AfPO:0000363	IAO:0000115	
WARN	missing_definition	AfPO:0000364	IAO:0000115	
WARN	missing_definition	AfPO:0000365	IAO:0000115	
WARN	missing_definition	AfPO:0000366	IAO:0000115	
WARN	missing_definition	AfPO:0000367	IAO:0000115	
WARN	missing_definition	AfPO:00003674	IAO:0000115	
WARN	missing_definition	AfPO:0000368	IAO:0000115	
WARN	missing_definition	AfPO:0000369	IAO:0000115	
WARN	missing_definition	AfPO:0000370	IAO:0000115	
WARN	missing_definition	AfPO:0000371	IAO:0000115	
WARN	missing_definition	AfPO:0000372	IAO:0000115	
WARN	missing_definition	AfPO:0000373	IAO:0000115	
WARN	missing_definition	AfPO:0000374	IAO:0000115	
WARN	missing_definition	AfPO:0000375	IAO:0000115	
WARN	missing_definition	AfPO:0000376	IAO:0000115	
WARN	missing_definition	AfPO:0000377	IAO:0000115	
WARN	missing_definition	AfPO:0000378	IAO:0000115	
WARN	missing_definition	AfPO:0000379	IAO:0000115	
WARN	missing_definition	AfPO:0000380	IAO:0000115	
WARN	missing_definition	AfPO:0000381	IAO:0000115	
WARN	missing_definition	AfPO:0000382	IAO:0000115	
WARN	missing_definition	AfPO:0000383	IAO:0000115	
WARN	missing_definition	AfPO:0000384	IAO:0000115	
WARN	missing_definition	AfPO:0000385	IAO:0000115	
WARN	missing_definition	AfPO:0000386	IAO:0000115	
WARN	missing_definition	AfPO:0000387	IAO:0000115	
WARN	missing_definition	AfPO:0000388	IAO:0000115	
WARN	missing_definition	AfPO:0000389	IAO:0000115	
WARN	missing_definition	AfPO:0000390	IAO:0000115	
WARN	missing_definition	AfPO:0000391	IAO:0000115	
WARN	missing_definition	AfPO:0000392	IAO:0000115	
WARN	missing_definition	AfPO:0000393	IAO:0000115	
WARN	missing_definition	AfPO:0000394	IAO:0000115	
WARN	missing_definition	AfPO:0000395	IAO:0000115	
WARN	missing_definition	AfPO:0000396	IAO:0000115	
WARN	missing_definition	AfPO:0000397	IAO:0000115	
WARN	missing_definition	AfPO:0000398	IAO:0000115	
WARN	missing_definition	AfPO:0000399	IAO:0000115	
WARN	missing_definition	AfPO:0000400	IAO:0000115	
WARN	missing_definition	AfPO:0000401	IAO:0000115	
WARN	missing_definition	AfPO:0000402	IAO:0000115	
WARN	missing_definition	AfPO:0000403	IAO:0000115	
WARN	missing_definition	AfPO:0000404	IAO:0000115	
WARN	missing_definition	AfPO:0000405	IAO:0000115	
WARN	missing_definition	AfPO:0000406	IAO:0000115	
WARN	missing_definition	AfPO:0000407	IAO:0000115	
WARN	missing_definition	AfPO:0000408	IAO:0000115	
WARN	missing_definition	AfPO:0000409	IAO:0000115	
WARN	missing_definition	AfPO:0000410	IAO:0000115	
WARN	missing_definition	AfPO:0000411	IAO:0000115	
WARN	missing_definition	AfPO:0000412	IAO:0000115	
WARN	missing_definition	AfPO:0000413	IAO:0000115	
WARN	missing_definition	AfPO:0000414	IAO:0000115	
WARN	missing_definition	AfPO:0000415	IAO:0000115	
WARN	missing_definition	AfPO:0000416	IAO:0000115	
WARN	missing_definition	AfPO:0000417	IAO:0000115	
WARN	missing_definition	AfPO:0000418	IAO:0000115	
WARN	missing_definition	AfPO:0000419	IAO:0000115	
WARN	missing_definition	AfPO:0000420	IAO:0000115	
WARN	missing_definition	AfPO:0000421	IAO:0000115	
WARN	missing_definition	AfPO:0000422	IAO:0000115	
WARN	missing_definition	AfPO:0000423	IAO:0000115	
WARN	missing_definition	AfPO:0000424	IAO:0000115	
WARN	missing_definition	AfPO:0000425	IAO:0000115	
WARN	missing_definition	AfPO:0000426	IAO:0000115	
WARN	missing_definition	AfPO:0000427	IAO:0000115	
WARN	missing_definition	AfPO:0000428	IAO:0000115	
WARN	missing_definition	AfPO:0000429	IAO:0000115	
WARN	missing_definition	AfPO:0000430	IAO:0000115	
WARN	missing_definition	AfPO:0000431	IAO:0000115	
WARN	missing_definition	AfPO:0000432	IAO:0000115	
WARN	missing_definition	AfPO:0000433	IAO:0000115	
WARN	missing_definition	AfPO:0000434	IAO:0000115	
WARN	missing_definition	AfPO:0000435	IAO:0000115	
WARN	missing_definition	AfPO:0000436	IAO:0000115	
WARN	missing_definition	AfPO:0000437	IAO:0000115	
WARN	missing_definition	AfPO:0000438	IAO:0000115	
WARN	missing_definition	AfPO:0000440	IAO:0000115	
WARN	missing_definition	AfPO:0000442	IAO:0000115	
WARN	missing_definition	AfPO:0000443	IAO:0000115	
WARN	missing_definition	AfPO:0000461	IAO:0000115	
WARN	missing_definition	AfPO:0000462	IAO:0000115	
WARN	missing_definition	AfPO:0000463	IAO:0000115	
WARN	missing_definition	AfPO:0000464	IAO:0000115	
WARN	missing_definition	AfPO:0000465	IAO:0000115	
WARN	missing_definition	AfPO:0000466	IAO:0000115	
WARN	missing_definition	AfPO:0000467	IAO:0000115	
WARN	missing_definition	AfPO:0000468	IAO:0000115	
WARN	missing_definition	AfPO:0000469	IAO:0000115	
WARN	missing_definition	AfPO:0000470	IAO:0000115	
WARN	missing_definition	AfPO:0000471	IAO:0000115	
WARN	missing_definition	AfPO:0000472	IAO:0000115	
WARN	missing_definition	AfPO:0000473	IAO:0000115	
WARN	missing_definition	AfPO:0000474	IAO:0000115	
WARN	missing_definition	AfPO:0000475	IAO:0000115	
WARN	missing_definition	AfPO:0000476	IAO:0000115	
WARN	missing_definition	AfPO:0000477	IAO:0000115	
WARN	missing_definition	AfPO:0000478	IAO:0000115	
WARN	missing_definition	AfPO:0000479	IAO:0000115	
WARN	missing_definition	AfPO:0000480	IAO:0000115	
WARN	missing_definition	AfPO:0000481	IAO:0000115	
WARN	missing_definition	AfPO:0000482	IAO:0000115	
WARN	missing_definition	AfPO:0000483	IAO:0000115	
WARN	missing_definition	AfPO:0000484	IAO:0000115	
WARN	missing_definition	AfPO:0000485	IAO:0000115	
WARN	missing_definition	AfPO:0000486	IAO:0000115	
WARN	missing_definition	AfPO:0000487	IAO:0000115	
WARN	missing_definition	AfPO:0000488	IAO:0000115	
WARN	missing_definition	AfPO:0000489	IAO:0000115	
WARN	missing_definition	AfPO:0000490	IAO:0000115	
WARN	missing_definition	AfPO:0000491	IAO:0000115	
WARN	missing_definition	AfPO:0000492	IAO:0000115	
WARN	missing_definition	AfPO:0000493	IAO:0000115	
WARN	missing_definition	AfPO:0000494	IAO:0000115	
WARN	missing_definition	AfPO:0000495	IAO:0000115	
WARN	missing_definition	AfPO:0000496	IAO:0000115	
WARN	missing_definition	AfPO:0000497	IAO:0000115	
WARN	missing_definition	AfPO:0000498	IAO:0000115	
WARN	missing_definition	AfPO:0000499	IAO:0000115	
WARN	missing_definition	AfPO:0000500	IAO:0000115	
WARN	missing_definition	AfPO:0000501	IAO:0000115	
WARN	missing_definition	AfPO:0000502	IAO:0000115	
WARN	missing_definition	AfPO:0000503	IAO:0000115	
WARN	missing_definition	AfPO:0000504	IAO:0000115	
WARN	missing_definition	AfPO:0000505	IAO:0000115	
WARN	missing_definition	AfPO:0000506	IAO:0000115	
WARN	missing_definition	AfPO:0000507	IAO:0000115	
WARN	missing_definition	AfPO:0000508	IAO:0000115	
WARN	missing_definition	AfPO:0000509	IAO:0000115	
WARN	missing_definition	AfPO:0000510	IAO:0000115	
WARN	missing_definition	AfPO:0000511	IAO:0000115	
WARN	missing_definition	AfPO:0000513	IAO:0000115	
WARN	missing_definition	AfPO:0000514	IAO:0000115	
WARN	missing_definition	AfPO:0000515	IAO:0000115	
WARN	missing_definition	AfPO:0000516	IAO:0000115	
WARN	missing_definition	AfPO:0000517	IAO:0000115	
WARN	missing_definition	AfPO:0000518	IAO:0000115	
WARN	missing_definition	AfPO:0000519	IAO:0000115	
WARN	missing_definition	AfPO:0000520	IAO:0000115	
WARN	missing_definition	AfPO:0000521	IAO:0000115	
WARN	missing_definition	AfPO:0000522	IAO:0000115	
WARN	missing_definition	AfPO:0000523	IAO:0000115	
WARN	missing_definition	AfPO:0000524	IAO:0000115	
WARN	missing_definition	AfPO:0000525	IAO:0000115	
WARN	missing_definition	AfPO:0000526	IAO:0000115	
WARN	missing_definition	AfPO:0000527	IAO:0000115	
WARN	missing_definition	AfPO:0000528	IAO:0000115	
WARN	missing_definition	AfPO:0000529	IAO:0000115	
WARN	missing_definition	AfPO:0000530	IAO:0000115	
WARN	missing_definition	AfPO:0000531	IAO:0000115	
WARN	missing_definition	AfPO:0000532	IAO:0000115	
WARN	missing_definition	AfPO:0000533	IAO:0000115	
WARN	missing_definition	AfPO:0000534	IAO:0000115	
WARN	missing_definition	AfPO:0000535	IAO:0000115	
WARN	missing_definition	AfPO:0000536	IAO:0000115	
WARN	missing_definition	AfPO:0000537	IAO:0000115	
WARN	missing_definition	AfPO:0000538	IAO:0000115	
WARN	missing_definition	AfPO:0000539	IAO:0000115	
WARN	missing_definition	AfPO:0000540	IAO:0000115	
WARN	missing_definition	AfPO:0000541	IAO:0000115	
WARN	missing_definition	AfPO:0000542	IAO:0000115	
WARN	missing_definition	AfPO:0000543	IAO:0000115	
WARN	missing_definition	AfPO:0000544	IAO:0000115	
WARN	missing_definition	AfPO:0000545	IAO:0000115	
WARN	missing_definition	AfPO:0000546	IAO:0000115	
WARN	missing_definition	AfPO:0000547	IAO:0000115	
WARN	missing_definition	AfPO:0000548	IAO:0000115	
WARN	missing_definition	AfPO:0000549	IAO:0000115	
WARN	missing_definition	AfPO:0000550	IAO:0000115	
WARN	missing_definition	AfPO:0000551	IAO:0000115	
WARN	missing_definition	AfPO:0000552	IAO:0000115	
WARN	missing_definition	AfPO:0000553	IAO:0000115	
WARN	missing_definition	AfPO:0000554	IAO:0000115	
WARN	missing_definition	AfPO:0000555	IAO:0000115	
WARN	missing_definition	AfPO:0000556	IAO:0000115	
WARN	missing_definition	AfPO:0000557	IAO:0000115	
WARN	missing_definition	AfPO:0000558	IAO:0000115	
WARN	missing_definition	AfPO:0000559	IAO:0000115	
WARN	missing_definition	AfPO:0000560	IAO:0000115	
WARN	missing_definition	AfPO:0000561	IAO:0000115	
WARN	missing_definition	AfPO:0000562	IAO:0000115	
WARN	missing_definition	AfPO:0000563	IAO:0000115	
WARN	missing_definition	AfPO:0000564	IAO:0000115	
WARN	missing_definition	AfPO:0000571	IAO:0000115	
WARN	missing_definition	AfPO:0000572	IAO:0000115	
WARN	missing_definition	AfPO:0000573	IAO:0000115	
WARN	missing_definition	AfPO:0000574	IAO:0000115	
WARN	missing_definition	AfPO:0000575	IAO:0000115	
WARN	missing_definition	AfPO:0000576	IAO:0000115	
WARN	missing_definition	AfPO:0000577	IAO:0000115	
WARN	missing_definition	AfPO:0000578	IAO:0000115	
WARN	missing_definition	AfPO:0000579	IAO:0000115	
WARN	missing_definition	AfPO:0000580	IAO:0000115	
WARN	missing_definition	GAZ:00000013	IAO:0000115	
WARN	missing_definition	HANCESTRO:0019	IAO:0000115	
WARN	missing_definition	HANCESTRO:0020	IAO:0000115	
WARN	missing_definition	HANCESTRO:0021	IAO:0000115	
WARN	missing_definition	HANCESTRO:0022	IAO:0000115	
WARN	missing_definition	HANCESTRO:0023	IAO:0000115	
WARN	missing_definition	HANCESTRO:0024	IAO:0000115	
WARN	missing_definition	HANCESTRO:0025	IAO:0000115	
WARN	missing_definition	HANCESTRO:0026	IAO:0000115	
WARN	missing_definition	HANCESTRO:0027	IAO:0000115	
WARN	missing_definition	HANCESTRO:0051	IAO:0000115	
WARN	missing_definition	HANCESTRO:0301	IAO:0000115	
WARN	missing_definition	HANCESTRO:0307	IAO:0000115	
WARN	missing_definition	HANCESTRO:0308	IAO:0000115	
WARN	missing_definition	HANCESTRO:0309	IAO:0000115	
WARN	missing_definition	HANCESTRO:0310	IAO:0000115	
WARN	missing_definition	HANCESTRO:0311	IAO:0000115	
WARN	missing_definition	HANCESTRO:0312	IAO:0000115	
WARN	missing_definition	HANCESTRO:0313	IAO:0000115	
WARN	missing_definition	HANCESTRO:0314	IAO:0000115	
WARN	missing_definition	HANCESTRO:0315	IAO:0000115	
WARN	missing_definition	HANCESTRO:0316	IAO:0000115	
WARN	missing_definition	HANCESTRO:0317	IAO:0000115	
WARN	missing_definition	HANCESTRO:0318	IAO:0000115	
WARN	missing_definition	HANCESTRO:0319	IAO:0000115	
WARN	missing_definition	HANCESTRO:0320	IAO:0000115	
WARN	missing_definition	HANCESTRO:0321	IAO:0000115	
WARN	missing_definition	HANCESTRO:0322	IAO:0000115	
WARN	missing_definition	HANCESTRO:0323	IAO:0000115	
WARN	missing_definition	HANCESTRO:0324	IAO:0000115	
WARN	missing_definition	HANCESTRO:0329	IAO:0000115	
WARN	missing_definition	HANCESTRO:0330	IAO:0000115	
WARN	missing_definition	HANCESTRO:0331	IAO:0000115	
WARN	missing_definition	HANCESTRO:0333	IAO:0000115	
WARN	missing_definition	HANCESTRO:0334	IAO:0000115	
WARN	missing_definition	HANCESTRO:0335	IAO:0000115	
WARN	missing_definition	HANCESTRO:0336	IAO:0000115	
WARN	missing_definition	HANCESTRO:0337	IAO:0000115	
WARN	missing_definition	HANCESTRO:0338	IAO:0000115	
WARN	missing_definition	HANCESTRO:0339	IAO:0000115	
WARN	missing_definition	HANCESTRO:0340	IAO:0000115	
WARN	missing_definition	HANCESTRO:0341	IAO:0000115	
WARN	missing_definition	HANCESTRO:0342	IAO:0000115	
WARN	missing_definition	HANCESTRO:0343	IAO:0000115	
WARN	missing_definition	HANCESTRO:0344	IAO:0000115	
WARN	missing_definition	HANCESTRO:0345	IAO:0000115	
WARN	missing_definition	HANCESTRO:0346	IAO:0000115	
WARN	missing_definition	HANCESTRO:0347	IAO:0000115	
WARN	missing_definition	HANCESTRO:0348	IAO:0000115	
WARN	missing_definition	HANCESTRO:0349	IAO:0000115	
WARN	missing_definition	HANCESTRO:0350	IAO:0000115	
WARN	missing_definition	HANCESTRO:0351	IAO:0000115	
WARN	missing_definition	HANCESTRO:0352	IAO:0000115	
WARN	missing_definition	HANCESTRO:0353	IAO:0000115	
WARN	missing_definition	HANCESTRO:0354	IAO:0000115	
WARN	missing_definition	HANCESTRO:0355	IAO:0000115	
WARN	missing_definition	HANCESTRO:0356	IAO:0000115	
WARN	missing_definition	HANCESTRO:0357	IAO:0000115	
WARN	missing_definition	HANCESTRO:0358	IAO:0000115	
WARN	missing_definition	HANCESTRO:0359	IAO:0000115	
WARN	missing_definition	HANCESTRO:0360	IAO:0000115	
WARN	missing_definition	HANCESTRO:0361	IAO:0000115	
WARN	missing_definition	HANCESTRO:0362	IAO:0000115	
WARN	missing_definition	HANCESTRO:0363	IAO:0000115	
WARN	missing_definition	HANCESTRO:0364	IAO:0000115	
WARN	missing_definition	HANCESTRO:0365	IAO:0000115	
WARN	missing_definition	HANCESTRO:0366	IAO:0000115	
WARN	missing_definition	HANCESTRO:0367	IAO:0000115	
WARN	missing_definition	HANCESTRO:0368	IAO:0000115	
WARN	missing_definition	HANCESTRO:0369	IAO:0000115	
WARN	missing_definition	HANCESTRO:0370	IAO:0000115	
WARN	missing_definition	HANCESTRO:0371	IAO:0000115	
WARN	missing_definition	HANCESTRO:0372	IAO:0000115	
WARN	missing_definition	HANCESTRO:0373	IAO:0000115	
WARN	missing_definition	HANCESTRO:0374	IAO:0000115	
WARN	missing_definition	HANCESTRO:0375	IAO:0000115	
WARN	missing_definition	HANCESTRO:0376	IAO:0000115	
WARN	missing_definition	HANCESTRO:0377	IAO:0000115	
WARN	missing_definition	HANCESTRO:0378	IAO:0000115	
WARN	missing_definition	HANCESTRO:0379	IAO:0000115	
WARN	missing_definition	HANCESTRO:0380	IAO:0000115	
WARN	missing_definition	HANCESTRO:0381	IAO:0000115	
WARN	missing_definition	HANCESTRO:0382	IAO:0000115	
WARN	missing_definition	HANCESTRO:0383	IAO:0000115	
WARN	missing_definition	HANCESTRO:0384	IAO:0000115	
WARN	missing_definition	HANCESTRO:0385	IAO:0000115	
WARN	missing_definition	HANCESTRO:0386	IAO:0000115	
WARN	missing_definition	HANCESTRO:0387	IAO:0000115	
WARN	missing_definition	HANCESTRO:0388	IAO:0000115	
WARN	missing_definition	HANCESTRO:0389	IAO:0000115	
WARN	missing_definition	HANCESTRO:0390	IAO:0000115	
WARN	missing_definition	HANCESTRO:0391	IAO:0000115	
WARN	missing_definition	HANCESTRO:0392	IAO:0000115	
WARN	missing_definition	HANCESTRO:0393	IAO:0000115	
WARN	missing_definition	HANCESTRO:0394	IAO:0000115	
WARN	missing_definition	HANCESTRO:0395	IAO:0000115	
WARN	missing_definition	HANCESTRO:0396	IAO:0000115	
WARN	missing_definition	HANCESTRO:0397	IAO:0000115	
WARN	missing_definition	HANCESTRO:0398	IAO:0000115	
WARN	missing_definition	HANCESTRO:0399	IAO:0000115	
WARN	missing_definition	HANCESTRO:0400	IAO:0000115	
WARN	missing_definition	HANCESTRO:0401	IAO:0000115	
WARN	missing_definition	HANCESTRO:0402	IAO:0000115	
WARN	missing_definition	HANCESTRO:0403	IAO:0000115	
WARN	missing_definition	HANCESTRO:0404	IAO:0000115	
WARN	missing_definition	HANCESTRO:0405	IAO:0000115	
WARN	missing_definition	HANCESTRO:0406	IAO:0000115	
WARN	missing_definition	HANCESTRO:0407	IAO:0000115	
WARN	missing_definition	HANCESTRO:0408	IAO:0000115	
WARN	missing_definition	HANCESTRO:0409	IAO:0000115	
WARN	missing_definition	HANCESTRO:0410	IAO:0000115	
WARN	missing_definition	HANCESTRO:0411	IAO:0000115	
WARN	missing_definition	HANCESTRO:0412	IAO:0000115	
WARN	missing_definition	HANCESTRO:0413	IAO:0000115	
WARN	missing_definition	HANCESTRO:0414	IAO:0000115	
WARN	missing_definition	HANCESTRO:0415	IAO:0000115	
WARN	missing_definition	HANCESTRO:0416	IAO:0000115	
WARN	missing_definition	HANCESTRO:0417	IAO:0000115	
WARN	missing_definition	HANCESTRO:0418	IAO:0000115	
WARN	missing_definition	HANCESTRO:0419	IAO:0000115	
WARN	missing_definition	HANCESTRO:0420	IAO:0000115	
WARN	missing_definition	HANCESTRO:0421	IAO:0000115	
WARN	missing_definition	HANCESTRO:0422	IAO:0000115	
WARN	missing_definition	HANCESTRO:0423	IAO:0000115	
WARN	missing_definition	HANCESTRO:0424	IAO:0000115	
WARN	missing_definition	HANCESTRO:0425	IAO:0000115	
WARN	missing_definition	HANCESTRO:0426	IAO:0000115	
WARN	missing_definition	HANCESTRO:0427	IAO:0000115	
WARN	missing_definition	HANCESTRO:0428	IAO:0000115	
WARN	missing_definition	HANCESTRO:0429	IAO:0000115	
WARN	missing_definition	HANCESTRO:0430	IAO:0000115	
WARN	missing_definition	HANCESTRO:0431	IAO:0000115	
WARN	missing_definition	HANCESTRO:0432	IAO:0000115	
WARN	missing_definition	HANCESTRO:0433	IAO:0000115	
WARN	missing_definition	HANCESTRO:0434	IAO:0000115	
WARN	missing_definition	HANCESTRO:0435	IAO:0000115	
WARN	missing_definition	HANCESTRO:0437	IAO:0000115	
WARN	missing_definition	HANCESTRO:0438	IAO:0000115	
WARN	missing_definition	HANCESTRO:0439	IAO:0000115	
WARN	missing_definition	HANCESTRO:0440	IAO:0000115	
WARN	missing_definition	HANCESTRO:0441	IAO:0000115	
WARN	missing_definition	HANCESTRO:0442	IAO:0000115	
WARN	missing_definition	HANCESTRO:0443	IAO:0000115	
WARN	missing_definition	HANCESTRO:0444	IAO:0000115	
WARN	missing_definition	HANCESTRO:0445	IAO:0000115	
WARN	missing_definition	HANCESTRO:0446	IAO:0000115	
WARN	missing_definition	HANCESTRO:0447	IAO:0000115	
WARN	missing_definition	HANCESTRO:0448	IAO:0000115	
WARN	missing_definition	HANCESTRO:0449	IAO:0000115	
WARN	missing_definition	HANCESTRO:0450	IAO:0000115	
WARN	missing_definition	HANCESTRO:0451	IAO:0000115	
WARN	missing_definition	HANCESTRO:0452	IAO:0000115	
WARN	missing_definition	HANCESTRO:0453	IAO:0000115	
WARN	missing_definition	HANCESTRO:0454	IAO:0000115	
WARN	missing_definition	HANCESTRO:0455	IAO:0000115	
WARN	missing_definition	HANCESTRO:0456	IAO:0000115	
WARN	missing_definition	HANCESTRO:0457	IAO:0000115	
WARN	missing_definition	HANCESTRO:0458	IAO:0000115	
WARN	missing_definition	HANCESTRO:0459	IAO:0000115	
WARN	missing_definition	HANCESTRO:0460	IAO:0000115	
WARN	missing_definition	HANCESTRO:0461	IAO:0000115	
WARN	missing_definition	HANCESTRO:0462	IAO:0000115	
WARN	missing_definition	HANCESTRO:0463	IAO:0000115	
WARN	missing_definition	HANCESTRO:0464	IAO:0000115	
WARN	missing_definition	HANCESTRO:0465	IAO:0000115	
WARN	missing_definition	HANCESTRO:0466	IAO:0000115	
WARN	missing_definition	HANCESTRO:0467	IAO:0000115	
WARN	missing_definition	HANCESTRO:0468	IAO:0000115	
WARN	missing_definition	HANCESTRO:0469	IAO:0000115	
WARN	missing_definition	HANCESTRO:0470	IAO:0000115	
WARN	missing_definition	HANCESTRO:0471	IAO:0000115	
WARN	missing_definition	HANCESTRO:0472	IAO:0000115	
WARN	missing_definition	HANCESTRO:0473	IAO:0000115	
WARN	missing_definition	HANCESTRO:0474	IAO:0000115	
WARN	missing_definition	HANCESTRO:0475	IAO:0000115	
WARN	missing_definition	HANCESTRO:0476	IAO:0000115	
WARN	missing_definition	HANCESTRO:0477	IAO:0000115	
WARN	missing_definition	HANCESTRO:0478	IAO:0000115	
WARN	missing_definition	HANCESTRO:0479	IAO:0000115	
WARN	missing_definition	HANCESTRO:0480	IAO:0000115	
WARN	missing_definition	HANCESTRO:0481	IAO:0000115	
WARN	missing_definition	HANCESTRO:0482	IAO:0000115	
WARN	missing_definition	HANCESTRO:0483	IAO:0000115	
WARN	missing_definition	HANCESTRO:0484	IAO:0000115	
WARN	missing_definition	HANCESTRO:0485	IAO:0000115	
WARN	missing_definition	HANCESTRO:0486	IAO:0000115	
WARN	missing_definition	HANCESTRO:0487	IAO:0000115	
WARN	missing_definition	HANCESTRO:0488	IAO:0000115	
WARN	missing_definition	HANCESTRO:0489	IAO:0000115	
WARN	missing_definition	HANCESTRO:0490	IAO:0000115	
WARN	missing_definition	HANCESTRO:0491	IAO:0000115	
WARN	missing_definition	HANCESTRO:0492	IAO:0000115	
WARN	missing_definition	HANCESTRO:0493	IAO:0000115	
WARN	missing_definition	HANCESTRO:0494	IAO:0000115	
WARN	missing_definition	HANCESTRO:0495	IAO:0000115	
WARN	missing_definition	HANCESTRO:0496	IAO:0000115	
WARN	missing_definition	HANCESTRO:0497	IAO:0000115	
WARN	missing_definition	HANCESTRO:0498	IAO:0000115	
WARN	missing_definition	HANCESTRO:0500	IAO:0000115	
WARN	missing_definition	HANCESTRO:0501	IAO:0000115	
WARN	missing_definition	HANCESTRO:0502	IAO:0000115	
WARN	missing_definition	HANCESTRO:0503	IAO:0000115	
WARN	missing_definition	HANCESTRO:0504	IAO:0000115	
WARN	missing_definition	HANCESTRO:0505	IAO:0000115	
WARN	missing_definition	HANCESTRO:0506	IAO:0000115	
WARN	missing_definition	HANCESTRO:0507	IAO:0000115	
WARN	missing_definition	HANCESTRO:0508	IAO:0000115	
WARN	missing_definition	HANCESTRO:0510	IAO:0000115	
WARN	missing_definition	HANCESTRO:0511	IAO:0000115	
WARN	missing_definition	HANCESTRO:0512	IAO:0000115	
WARN	missing_definition	HANCESTRO:0513	IAO:0000115	
WARN	missing_definition	HANCESTRO:0514	IAO:0000115	
WARN	missing_definition	HANCESTRO:0515	IAO:0000115	
WARN	missing_definition	HANCESTRO:0517	IAO:0000115	
WARN	missing_definition	HANCESTRO:0519	IAO:0000115	
WARN	missing_definition	HANCESTRO:0520	IAO:0000115	
WARN	missing_definition	HANCESTRO:0521	IAO:0000115	
WARN	missing_definition	HANCESTRO:0522	IAO:0000115	
WARN	missing_definition	HANCESTRO:0523	IAO:0000115	
WARN	missing_definition	HANCESTRO:0524	IAO:0000115	
WARN	missing_definition	HANCESTRO:0525	IAO:0000115	
WARN	missing_definition	HANCESTRO:0526	IAO:0000115	
WARN	missing_definition	HANCESTRO:0528	IAO:0000115	
WARN	missing_definition	HANCESTRO:0529	IAO:0000115	
WARN	missing_definition	HANCESTRO:0530	IAO:0000115	
WARN	missing_definition	HANCESTRO:0531	IAO:0000115	
WARN	missing_definition	HANCESTRO:0532	IAO:0000115	
WARN	missing_definition	HANCESTRO:0533	IAO:0000115	
WARN	missing_definition	HANCESTRO:0534	IAO:0000115	
WARN	missing_definition	HANCESTRO:0535	IAO:0000115	
WARN	missing_definition	HANCESTRO:0536	IAO:0000115	
WARN	missing_definition	HANCESTRO:0537	IAO:0000115	
WARN	missing_definition	HANCESTRO:0538	IAO:0000115	
WARN	missing_definition	HANCESTRO:0539	IAO:0000115	
WARN	missing_definition	HANCESTRO:0540	IAO:0000115	
WARN	missing_definition	HANCESTRO:0541	IAO:0000115	
WARN	missing_definition	HANCESTRO:0542	IAO:0000115	
WARN	missing_definition	HANCESTRO:0543	IAO:0000115	
WARN	missing_definition	HANCESTRO:0544	IAO:0000115	
WARN	missing_definition	HANCESTRO:0545	IAO:0000115	
WARN	missing_definition	HANCESTRO:0547	IAO:0000115	
WARN	missing_definition	HANCESTRO:0548	IAO:0000115	
WARN	missing_definition	HANCESTRO:0549	IAO:0000115	
WARN	missing_definition	HANCESTRO:0550	IAO:0000115	
WARN	missing_definition	HANCESTRO:0551	IAO:0000115	
WARN	missing_definition	HANCESTRO:0554	IAO:0000115	
WARN	missing_definition	HANCESTRO:0555	IAO:0000115	
WARN	missing_definition	HANCESTRO:0556	IAO:0000115	
WARN	missing_definition	HANCESTRO:0558	IAO:0000115	
WARN	missing_definition	HANCESTRO:0559	IAO:0000115	
WARN	missing_definition	HANCESTRO:0560	IAO:0000115	
WARN	missing_definition	HANCESTRO:0561	IAO:0000115	
WARN	missing_definition	HANCESTRO:0563	IAO:0000115	
WARN	missing_definition	HANCESTRO:0564	IAO:0000115	
WARN	missing_definition	HANCESTRO:0565	IAO:0000115	
WARN	missing_definition	HANCESTRO:0567	IAO:0000115	
WARN	missing_definition	HANCESTRO:0568	IAO:0000115	
WARN	missing_definition	HANCESTRO:0569	IAO:0000115	
WARN	missing_definition	HANCESTRO:0572	IAO:0000115	
WARN	missing_definition	HANCESTRO:0573	IAO:0000115	
WARN	missing_definition	HANCESTRO:0574	IAO:0000115	
WARN	missing_definition	HANCESTRO:0575	IAO:0000115	
WARN	missing_definition	HANCESTRO:0576	IAO:0000115	
WARN	missing_definition	HANCESTRO:0577	IAO:0000115	
WARN	missing_definition	HANCESTRO:0578	IAO:0000115	
WARN	missing_definition	HANCESTRO:0579	IAO:0000115	
WARN	missing_definition	HANCESTRO:0580	IAO:0000115	
WARN	missing_definition	HANCESTRO:0581	IAO:0000115	
WARN	missing_definition	HANCESTRO:0582	IAO:0000115	
WARN	missing_definition	HANCESTRO:0583	IAO:0000115	
WARN	missing_definition	HANCESTRO:0584	IAO:0000115	
WARN	missing_definition	HANCESTRO:0585	IAO:0000115	
WARN	missing_definition	HANCESTRO:0586	IAO:0000115	
WARN	missing_definition	HANCESTRO:0588	IAO:0000115	
WARN	missing_definition	HANCESTRO:0589	IAO:0000115	
WARN	missing_definition	HANCESTRO:0590	IAO:0000115	
WARN	missing_definition	HANCESTRO:0612	IAO:0000115	
WARN	missing_definition	IAO:0000114	IAO:0000115	
WARN	missing_definition	IAO:0000115	IAO:0000115	
WARN	missing_definition	IAO:0000117	IAO:0000115	
WARN	missing_definition	IAO:0000118	IAO:0000115	
WARN	missing_definition	IAO:0000119	IAO:0000115	
WARN	missing_definition	IAO:0100001	IAO:0000115	
WARN	missing_definition	NCIT:C25464	IAO:0000115	
WARN	missing_definition	RO:0000086	IAO:0000115	
WARN	missing_definition	oboInOwl:hasDbXref	IAO:0000115	
WARN	missing_definition	oboInOwl:hasExactSynonym	IAO:0000115	
INFO	missing_superclass	GAZ:00000013	rdfs:subClassOf	
